minute,usdc_price
2026-05-01 01:00:59.000 UTC,0.99973
2026-05-01 01:01:47.000 UTC,0.99973
2026-05-01 01:47:59.000 UTC,0.99973
2026-05-01 02:04:47.000 UTC,0.99973
2026-05-01 02:09:59.000 UTC,0.99973
2026-05-01 02:10:59.000 UTC,0.99973
2026-05-01 02:21:35.000 UTC,0.99973
2026-05-01 02:39:11.000 UTC,0.99973
2026-05-01 02:45:35.000 UTC,0.99973
2026-05-01 03:25:35.000 UTC,0.99973
2026-05-01 05:08:23.000 UTC,0.99973
2026-05-01 05:11:23.000 UTC,0.99973
2026-05-01 05:30:23.000 UTC,0.99973
2026-05-01 06:00:11.000 UTC,0.99973
2026-05-01 06:21:35.000 UTC,0.99973
2026-05-01 06:24:35.000 UTC,0.99973
2026-05-01 06:32:23.000 UTC,0.99973
2026-05-01 06:48:35.000 UTC,0.99973
2026-05-01 06:51:23.000 UTC,0.99973
2026-05-01 07:09:23.000 UTC,0.99968688
2026-05-01 07:38:11.000 UTC,0.99968688
2026-05-01 07:43:59.000 UTC,0.99968688
2026-05-01 08:43:35.000 UTC,0.99977
2026-05-01 09:14:47.000 UTC,0.99977
2026-05-01 09:22:59.000 UTC,0.99977
2026-05-01 09:23:23.000 UTC,0.99977
2026-05-01 09:40:47.000 UTC,0.99977
2026-05-01 10:08:47.000 UTC,0.99977
2026-05-01 10:10:59.000 UTC,0.99977
2026-05-01 10:13:47.000 UTC,0.99977
2026-05-01 10:41:35.000 UTC,0.99977
2026-05-01 10:51:35.000 UTC,0.99977
2026-05-01 11:08:47.000 UTC,0.99977
2026-05-01 11:17:59.000 UTC,0.99977
2026-05-01 11:18:23.000 UTC,0.99977
2026-05-01 11:37:11.000 UTC,0.99977
2026-05-01 11:40:47.000 UTC,0.99977
2026-05-01 11:46:11.000 UTC,0.99977
2026-05-01 12:20:47.000 UTC,0.99977
2026-05-01 12:37:11.000 UTC,0.99977
2026-05-01 12:54:47.000 UTC,0.99977
2026-05-01 13:08:11.000 UTC,0.99977
2026-05-01 13:19:23.000 UTC,0.99977
2026-05-01 13:45:23.000 UTC,0.99977
2026-05-01 13:53:23.000 UTC,0.99977
2026-05-01 14:02:35.000 UTC,0.99977
2026-05-01 14:13:59.000 UTC,0.99977
2026-05-01 14:17:47.000 UTC,0.99977
2026-05-01 14:18:35.000 UTC,0.99977
2026-05-01 14:20:11.000 UTC,0.99977
2026-05-01 14:22:59.000 UTC,0.99977
2026-05-01 14:23:23.000 UTC,0.99977
2026-05-01 14:57:47.000 UTC,0.99977
2026-05-01 15:04:23.000 UTC,0.99977
2026-05-01 15:15:23.000 UTC,0.99977
2026-05-01 15:25:59.000 UTC,0.99977
2026-05-01 15:26:59.000 UTC,0.99977
2026-05-01 16:17:11.000 UTC,0.99977
2026-05-01 16:34:23.000 UTC,0.99977
2026-05-01 16:40:59.000 UTC,0.99977
2026-05-01 16:47:11.000 UTC,0.99977
2026-05-01 17:00:23.000 UTC,0.99977
2026-05-01 17:04:23.000 UTC,0.99977
2026-05-01 17:45:47.000 UTC,0.99977
2026-05-01 17:59:11.000 UTC,0.99977
2026-05-01 18:01:11.000 UTC,0.99977
2026-05-01 18:30:11.000 UTC,0.99977
2026-05-01 18:36:47.000 UTC,0.99977
2026-05-01 18:47:35.000 UTC,0.99977
2026-05-01 18:58:23.000 UTC,0.99977
2026-05-01 19:12:59.000 UTC,0.99977
2026-05-01 19:15:11.000 UTC,0.99977
2026-05-01 19:16:35.000 UTC,0.99977
2026-05-01 19:21:23.000 UTC,0.99977
2026-05-01 19:22:11.000 UTC,0.99977
2026-05-01 19:25:35.000 UTC,0.99977
2026-05-01 19:28:59.000 UTC,0.99977
2026-05-01 19:32:11.000 UTC,0.99977
2026-05-01 19:32:35.000 UTC,0.99977
2026-05-01 19:35:23.000 UTC,0.99977
2026-05-01 19:40:47.000 UTC,0.99977
2026-05-01 20:10:35.000 UTC,0.99977
2026-05-01 21:07:47.000 UTC,0.99977
2026-05-01 21:22:35.000 UTC,0.99977
2026-05-01 21:30:35.000 UTC,0.99977
2026-05-01 21:51:47.000 UTC,0.99977
2026-05-01 21:54:47.000 UTC,0.99977
2026-05-01 22:14:47.000 UTC,0.99977
2026-05-01 22:18:11.000 UTC,0.99977
2026-05-01 22:21:59.000 UTC,0.99977
2026-05-01 22:26:23.000 UTC,0.99977
2026-05-01 22:37:59.000 UTC,0.99977
2026-05-01 22:59:47.000 UTC,0.99977
2026-05-01 23:20:23.000 UTC,0.99977
2026-05-01 23:23:59.000 UTC,0.99977
2026-05-01 23:24:47.000 UTC,0.99977
2026-05-01 23:26:23.000 UTC,0.99977
2026-05-01 23:50:23.000 UTC,0.99977
2026-05-02 00:01:23.000 UTC,0.99977
2026-05-02 01:00:35.000 UTC,0.99977
2026-05-02 02:05:23.000 UTC,0.99977
2026-05-02 02:13:59.000 UTC,0.99977
2026-05-02 02:49:35.000 UTC,0.99977
2026-05-02 03:16:35.000 UTC,0.99977
2026-05-02 03:16:47.000 UTC,0.99977
2026-05-02 04:33:11.000 UTC,0.99977
2026-05-02 05:19:11.000 UTC,0.99977
2026-05-02 05:21:11.000 UTC,0.99977
2026-05-02 05:51:11.000 UTC,0.99977
2026-05-02 05:57:23.000 UTC,0.99977
2026-05-02 06:05:59.000 UTC,0.99977
2026-05-02 06:08:11.000 UTC,0.99977
2026-05-02 06:32:59.000 UTC,0.99977
2026-05-02 06:34:47.000 UTC,0.99977
2026-05-02 06:35:47.000 UTC,0.99977
2026-05-02 07:05:11.000 UTC,0.99980327
2026-05-02 07:06:35.000 UTC,0.99980327
2026-05-02 07:15:11.000 UTC,0.99980327
2026-05-02 07:54:47.000 UTC,0.99980327
2026-05-02 07:57:11.000 UTC,0.99980327
2026-05-02 07:57:47.000 UTC,0.99980327
2026-05-02 08:36:59.000 UTC,0.99983
2026-05-02 08:52:59.000 UTC,0.99983
2026-05-02 08:58:11.000 UTC,0.99983
2026-05-02 09:12:59.000 UTC,0.99983
2026-05-02 09:28:11.000 UTC,0.99983
2026-05-02 09:47:11.000 UTC,0.99983
2026-05-02 09:55:47.000 UTC,0.99983
2026-05-02 10:44:47.000 UTC,0.99983
2026-05-02 10:45:47.000 UTC,0.99983
2026-05-02 11:09:47.000 UTC,0.99983
2026-05-02 11:42:35.000 UTC,0.99983
2026-05-02 12:08:59.000 UTC,0.99983
2026-05-02 12:10:23.000 UTC,0.99983
2026-05-02 12:16:23.000 UTC,0.99983
2026-05-02 12:16:47.000 UTC,0.99983
2026-05-02 12:17:35.000 UTC,0.99983
2026-05-02 12:24:11.000 UTC,0.99983
2026-05-02 13:40:35.000 UTC,0.99983
2026-05-02 13:53:35.000 UTC,0.99983
2026-05-02 13:54:47.000 UTC,0.99983
2026-05-02 14:04:11.000 UTC,0.99983
2026-05-02 14:05:47.000 UTC,0.99983
2026-05-02 14:11:47.000 UTC,0.99983
2026-05-02 14:24:23.000 UTC,0.99983
2026-05-02 14:56:47.000 UTC,0.99983
2026-05-02 16:12:59.000 UTC,0.99983
2026-05-02 16:17:11.000 UTC,0.99983
2026-05-02 16:21:59.000 UTC,0.99983
2026-05-02 16:35:35.000 UTC,0.99983
2026-05-02 16:41:59.000 UTC,0.99983
2026-05-02 17:11:59.000 UTC,0.99983
2026-05-02 17:14:47.000 UTC,0.99983
2026-05-02 17:18:47.000 UTC,0.99983
2026-05-02 17:29:35.000 UTC,0.99983
2026-05-02 17:37:23.000 UTC,0.99983
2026-05-02 17:40:59.000 UTC,0.99983
2026-05-02 17:41:35.000 UTC,0.99983
2026-05-02 17:54:11.000 UTC,0.99983
2026-05-02 18:07:23.000 UTC,0.99983
2026-05-02 18:30:23.000 UTC,0.99983
2026-05-02 18:49:35.000 UTC,0.99983
2026-05-02 18:57:47.000 UTC,0.99983
2026-05-02 18:59:59.000 UTC,0.99983
2026-05-02 19:14:11.000 UTC,0.99983
2026-05-02 19:22:59.000 UTC,0.99983
2026-05-02 19:30:23.000 UTC,0.99983
2026-05-02 19:35:35.000 UTC,0.99983
2026-05-02 20:13:35.000 UTC,0.99983
2026-05-02 20:16:11.000 UTC,0.99983
2026-05-02 20:32:23.000 UTC,0.99983
2026-05-02 22:13:59.000 UTC,0.99983
2026-05-02 22:16:47.000 UTC,0.99983
2026-05-02 22:45:47.000 UTC,0.99983
2026-05-02 23:25:11.000 UTC,0.99983
2026-05-02 23:49:47.000 UTC,0.99983
2026-05-03 00:14:59.000 UTC,0.99983
2026-05-03 00:31:23.000 UTC,0.99983
2026-05-03 00:52:11.000 UTC,0.99983
2026-05-03 01:06:59.000 UTC,0.99983
2026-05-03 01:25:23.000 UTC,0.99983
2026-05-03 01:35:23.000 UTC,0.99983
2026-05-03 01:46:35.000 UTC,0.99983
2026-05-03 02:00:11.000 UTC,0.99983
2026-05-03 02:03:35.000 UTC,0.99983
2026-05-03 02:46:23.000 UTC,0.99983
2026-05-03 02:57:47.000 UTC,0.99983
2026-05-03 03:28:23.000 UTC,0.99983
2026-05-03 03:52:47.000 UTC,0.99983
2026-05-03 04:36:11.000 UTC,0.99983
2026-05-03 05:57:35.000 UTC,0.99983
2026-05-03 06:21:47.000 UTC,0.99983
2026-05-03 07:10:23.000 UTC,0.99990178
2026-05-03 07:24:35.000 UTC,0.99990178
2026-05-03 07:30:23.000 UTC,0.99990178
2026-05-03 07:57:47.000 UTC,0.99990178
2026-05-03 08:07:47.000 UTC,0.99990806
2026-05-03 08:14:11.000 UTC,0.99990806
2026-05-03 09:18:59.000 UTC,0.99990806
2026-05-03 11:09:11.000 UTC,0.99990806
2026-05-03 11:24:59.000 UTC,0.99990806
2026-05-03 11:31:23.000 UTC,0.99990806
2026-05-03 12:08:23.000 UTC,0.99990806
2026-05-03 12:24:11.000 UTC,0.99990806
2026-05-03 12:25:35.000 UTC,0.99990806
2026-05-03 12:39:59.000 UTC,0.99990806
2026-05-03 12:46:23.000 UTC,0.99990806
2026-05-03 12:59:23.000 UTC,0.99990806
2026-05-03 13:26:59.000 UTC,0.99990806
2026-05-03 13:49:35.000 UTC,0.99990806
2026-05-03 13:52:11.000 UTC,0.99990806
2026-05-03 14:07:59.000 UTC,0.99990806
2026-05-03 14:35:11.000 UTC,0.99990806
2026-05-03 14:52:59.000 UTC,0.99990806
2026-05-03 15:03:23.000 UTC,0.99990806
2026-05-03 15:34:47.000 UTC,0.99990806
2026-05-03 15:35:23.000 UTC,0.99990806
2026-05-03 16:12:35.000 UTC,0.99990806
2026-05-03 16:16:23.000 UTC,0.99990806
2026-05-03 16:29:47.000 UTC,0.99990806
2026-05-03 17:09:35.000 UTC,0.99990806
2026-05-03 17:46:23.000 UTC,0.99990806
2026-05-03 17:51:59.000 UTC,0.99990806
2026-05-03 18:00:11.000 UTC,0.99990806
2026-05-03 18:06:59.000 UTC,0.99990806
2026-05-03 18:16:23.000 UTC,0.99990806
2026-05-03 18:17:59.000 UTC,0.99990806
2026-05-03 18:25:47.000 UTC,0.99990806
2026-05-03 18:30:11.000 UTC,0.99990806
2026-05-03 19:30:11.000 UTC,0.99990806
2026-05-03 19:41:59.000 UTC,0.99990806
2026-05-03 19:42:11.000 UTC,0.99990806
2026-05-03 20:13:11.000 UTC,0.99990806
2026-05-03 20:17:11.000 UTC,0.99990806
2026-05-03 20:39:47.000 UTC,0.99990806
2026-05-03 21:04:11.000 UTC,0.99990806
2026-05-03 21:18:59.000 UTC,0.99990806
2026-05-03 21:19:35.000 UTC,0.99990806
2026-05-03 21:36:11.000 UTC,0.99990806
2026-05-03 21:36:47.000 UTC,0.99990806
2026-05-03 22:10:23.000 UTC,0.99990806
2026-05-03 22:11:59.000 UTC,0.99990806
2026-05-03 23:09:23.000 UTC,0.99990806
2026-05-03 23:39:35.000 UTC,0.99990806
2026-05-04 00:16:11.000 UTC,0.99990806
2026-05-04 01:01:11.000 UTC,0.99990806
2026-05-04 01:26:23.000 UTC,0.99990806
2026-05-04 01:46:59.000 UTC,0.99990806
2026-05-04 02:40:23.000 UTC,0.99990806
2026-05-04 03:16:11.000 UTC,0.99990806
2026-05-04 03:42:47.000 UTC,0.99990806
2026-05-04 03:45:47.000 UTC,0.99990806
2026-05-04 03:47:11.000 UTC,0.99990806
2026-05-04 03:54:59.000 UTC,0.99990806
2026-05-04 03:56:11.000 UTC,0.99990806
2026-05-04 04:12:47.000 UTC,0.99990806
2026-05-04 04:15:47.000 UTC,0.99990806
2026-05-04 04:20:35.000 UTC,0.99990806
2026-05-04 04:31:11.000 UTC,0.99990806
2026-05-04 04:32:23.000 UTC,0.99990806
2026-05-04 04:39:11.000 UTC,0.99990806
2026-05-04 04:47:11.000 UTC,0.99990806
2026-05-04 04:54:59.000 UTC,0.99990806
2026-05-04 04:56:23.000 UTC,0.99990806
2026-05-04 04:59:47.000 UTC,0.99990806
2026-05-04 05:03:11.000 UTC,0.99990806
2026-05-04 05:12:47.000 UTC,0.99990806
2026-05-04 05:24:35.000 UTC,0.99990806
2026-05-04 05:35:35.000 UTC,0.99990806
2026-05-04 06:14:59.000 UTC,0.99990806
2026-05-04 06:18:59.000 UTC,0.99990806
2026-05-04 06:41:23.000 UTC,0.99990806
2026-05-04 06:42:35.000 UTC,0.99990806
2026-05-04 06:49:35.000 UTC,0.99990806
2026-05-04 06:57:35.000 UTC,0.99990806
2026-05-04 07:04:23.000 UTC,0.99979094
2026-05-04 07:11:23.000 UTC,0.99979094
2026-05-04 07:19:59.000 UTC,0.99979094
2026-05-04 07:37:35.000 UTC,0.99979094
2026-05-04 07:37:47.000 UTC,0.99979094
2026-05-04 07:39:11.000 UTC,0.99979094
2026-05-04 07:43:35.000 UTC,0.99979094
2026-05-04 07:47:23.000 UTC,0.99979094
2026-05-04 07:51:47.000 UTC,0.99979094
2026-05-04 07:53:23.000 UTC,0.99979094
2026-05-04 08:12:11.000 UTC,0.99982
2026-05-04 08:18:11.000 UTC,0.99982
2026-05-04 08:20:59.000 UTC,0.99982
2026-05-04 08:32:47.000 UTC,0.99982
2026-05-04 08:36:35.000 UTC,0.99982
2026-05-04 08:47:59.000 UTC,0.99982
2026-05-04 08:52:59.000 UTC,0.99982
2026-05-04 09:05:35.000 UTC,0.99982
2026-05-04 09:31:59.000 UTC,0.99982
2026-05-04 10:07:47.000 UTC,0.99982
2026-05-04 10:23:23.000 UTC,0.99982
2026-05-04 10:25:11.000 UTC,0.99982
2026-05-04 11:16:23.000 UTC,0.99982
2026-05-04 11:46:23.000 UTC,0.99982
2026-05-04 11:54:23.000 UTC,0.99982
2026-05-04 12:23:35.000 UTC,0.99982
2026-05-04 12:33:59.000 UTC,0.99982
2026-05-04 12:35:35.000 UTC,0.99982
2026-05-04 12:38:11.000 UTC,0.99982
2026-05-04 12:48:11.000 UTC,0.99982
2026-05-04 13:16:23.000 UTC,0.99982
2026-05-04 13:17:59.000 UTC,0.99982
2026-05-04 13:24:59.000 UTC,0.99982
2026-05-04 13:44:47.000 UTC,0.99982
2026-05-04 13:45:23.000 UTC,0.99982
2026-05-04 13:47:59.000 UTC,0.99982
2026-05-04 14:02:47.000 UTC,0.99982
2026-05-04 14:02:59.000 UTC,0.99982
2026-05-04 14:04:23.000 UTC,0.99982
2026-05-04 14:06:59.000 UTC,0.99982
2026-05-04 14:17:59.000 UTC,0.99982
2026-05-04 14:25:35.000 UTC,0.99982
2026-05-04 14:38:11.000 UTC,0.99982
2026-05-04 14:45:59.000 UTC,0.99982
2026-05-04 15:02:59.000 UTC,0.99982
2026-05-04 15:10:11.000 UTC,0.99982
2026-05-04 15:21:35.000 UTC,0.99982
2026-05-04 15:22:59.000 UTC,0.99982
2026-05-04 15:23:59.000 UTC,0.99982
2026-05-04 15:27:35.000 UTC,0.99982
2026-05-04 15:30:35.000 UTC,0.99982
2026-05-04 15:31:47.000 UTC,0.99982
2026-05-04 16:00:23.000 UTC,0.99982
2026-05-04 16:16:59.000 UTC,0.99982
2026-05-04 16:48:23.000 UTC,0.99982
2026-05-04 18:11:59.000 UTC,0.99982
2026-05-04 18:15:47.000 UTC,0.99982
2026-05-04 18:21:47.000 UTC,0.99982
2026-05-04 18:23:11.000 UTC,0.99982
2026-05-04 18:30:11.000 UTC,0.99982
2026-05-04 18:35:35.000 UTC,0.99982
2026-05-04 18:42:11.000 UTC,0.99982
2026-05-04 18:44:11.000 UTC,0.99982
2026-05-04 18:46:47.000 UTC,0.99982
2026-05-04 19:01:47.000 UTC,0.99982
2026-05-04 19:05:59.000 UTC,0.99982
2026-05-04 19:30:11.000 UTC,0.99982
2026-05-04 19:37:35.000 UTC,0.99982
2026-05-04 19:50:47.000 UTC,0.99982
2026-05-04 19:59:59.000 UTC,0.99982
2026-05-04 20:09:11.000 UTC,0.99982
2026-05-04 21:22:47.000 UTC,0.99982
2026-05-04 21:25:35.000 UTC,0.99982
2026-05-04 21:33:11.000 UTC,0.99982
2026-05-04 21:49:23.000 UTC,0.99982
2026-05-04 22:26:11.000 UTC,0.99982
2026-05-04 22:30:47.000 UTC,0.99982
2026-05-04 22:31:35.000 UTC,0.99982
2026-05-04 22:32:47.000 UTC,0.99982
2026-05-04 22:51:11.000 UTC,0.99982
2026-05-04 22:53:35.000 UTC,0.99982
2026-05-04 23:15:23.000 UTC,0.99982
2026-05-04 23:29:11.000 UTC,0.99982
2026-05-04 23:52:59.000 UTC,0.99982
2026-05-04 23:56:59.000 UTC,0.99982
2026-05-05 00:42:35.000 UTC,0.99982
2026-05-05 00:52:35.000 UTC,0.99982
2026-05-05 00:54:23.000 UTC,0.99982
2026-05-05 00:55:47.000 UTC,0.99982
2026-05-05 00:56:59.000 UTC,0.99982
2026-05-05 00:57:11.000 UTC,0.99982
2026-05-05 01:05:11.000 UTC,0.99982
2026-05-05 01:14:47.000 UTC,0.99982
2026-05-05 01:15:35.000 UTC,0.99982
2026-05-05 01:31:11.000 UTC,0.99982
2026-05-05 01:44:47.000 UTC,0.99982
2026-05-05 02:10:11.000 UTC,0.99982
2026-05-05 02:13:59.000 UTC,0.99982
2026-05-05 02:48:47.000 UTC,0.99982
2026-05-05 02:56:35.000 UTC,0.99982
2026-05-05 03:17:47.000 UTC,0.99982
2026-05-05 03:22:11.000 UTC,0.99982
2026-05-05 03:58:23.000 UTC,0.99982
2026-05-05 03:58:47.000 UTC,0.99982
2026-05-05 04:07:47.000 UTC,0.99982
2026-05-05 04:10:11.000 UTC,0.99982
2026-05-05 04:13:47.000 UTC,0.99982
2026-05-05 04:19:35.000 UTC,0.99982
2026-05-05 04:23:59.000 UTC,0.99982
2026-05-05 04:28:35.000 UTC,0.99982
2026-05-05 04:30:59.000 UTC,0.99982
2026-05-05 04:32:11.000 UTC,0.99982
2026-05-05 04:33:47.000 UTC,0.99982
2026-05-05 04:35:59.000 UTC,0.99982
2026-05-05 04:38:23.000 UTC,0.99982
2026-05-05 04:41:59.000 UTC,0.99982
2026-05-05 04:42:35.000 UTC,0.99982
2026-05-05 04:46:47.000 UTC,0.99982
2026-05-05 04:53:59.000 UTC,0.99982
2026-05-05 05:06:23.000 UTC,0.99982
2026-05-05 05:38:23.000 UTC,0.99982
2026-05-05 06:14:23.000 UTC,0.99982
2026-05-05 06:28:59.000 UTC,0.99982
2026-05-05 06:41:35.000 UTC,0.99982
2026-05-05 06:58:47.000 UTC,0.99982
2026-05-05 07:14:47.000 UTC,0.99985
2026-05-05 08:00:59.000 UTC,0.99985
2026-05-05 08:09:23.000 UTC,0.99985
2026-05-05 08:19:35.000 UTC,0.99985
2026-05-05 08:23:23.000 UTC,0.99985
2026-05-05 09:02:47.000 UTC,0.99985
2026-05-05 09:03:47.000 UTC,0.99985
2026-05-05 09:18:35.000 UTC,0.99985
2026-05-05 10:08:59.000 UTC,0.99985
2026-05-05 10:14:23.000 UTC,0.99985
2026-05-05 10:17:11.000 UTC,0.99985
2026-05-05 10:27:47.000 UTC,0.99985
2026-05-05 10:47:23.000 UTC,0.99985
2026-05-05 10:57:59.000 UTC,0.99985
2026-05-05 11:46:23.000 UTC,0.99985
2026-05-05 12:13:59.000 UTC,0.99985
2026-05-05 12:15:11.000 UTC,0.99985
2026-05-05 12:17:23.000 UTC,0.99985
2026-05-05 12:18:47.000 UTC,0.99985
2026-05-05 12:25:35.000 UTC,0.99985
2026-05-05 12:41:23.000 UTC,0.99985
2026-05-05 12:52:11.000 UTC,0.99985
2026-05-05 13:16:23.000 UTC,0.99985
2026-05-05 13:22:59.000 UTC,0.99985
2026-05-05 13:26:59.000 UTC,0.99985
2026-05-05 13:28:11.000 UTC,0.99985
2026-05-05 13:28:35.000 UTC,0.99985
2026-05-05 14:02:11.000 UTC,0.99985
2026-05-05 14:06:11.000 UTC,0.99985
2026-05-05 14:18:59.000 UTC,0.99985
2026-05-05 15:16:11.000 UTC,0.99985
2026-05-05 15:20:11.000 UTC,0.99985
2026-05-05 15:45:35.000 UTC,0.99985
2026-05-05 15:47:35.000 UTC,0.99985
2026-05-05 15:57:59.000 UTC,0.99985
2026-05-05 16:05:47.000 UTC,0.99985
2026-05-05 16:07:59.000 UTC,0.99985
2026-05-05 16:45:47.000 UTC,0.99985
2026-05-05 17:18:23.000 UTC,0.99985
2026-05-05 17:19:23.000 UTC,0.99985
2026-05-05 17:47:59.000 UTC,0.99985
2026-05-05 17:48:59.000 UTC,0.99985
2026-05-05 17:51:47.000 UTC,0.99985
2026-05-05 17:56:47.000 UTC,0.99985
2026-05-05 18:17:47.000 UTC,0.99985
2026-05-05 18:28:11.000 UTC,0.99985
2026-05-05 18:30:35.000 UTC,0.99985
2026-05-05 18:43:47.000 UTC,0.99985
2026-05-05 19:00:47.000 UTC,0.99985
2026-05-05 19:01:23.000 UTC,0.99985
2026-05-05 19:15:11.000 UTC,0.99985
2026-05-05 19:30:11.000 UTC,0.99985
2026-05-05 19:41:11.000 UTC,0.99985
2026-05-05 19:53:47.000 UTC,0.99985
2026-05-05 19:56:11.000 UTC,0.99985
2026-05-05 20:07:47.000 UTC,0.99985
2026-05-05 20:08:59.000 UTC,0.99985
2026-05-05 20:29:47.000 UTC,0.99985
2026-05-05 20:36:23.000 UTC,0.99985
2026-05-05 20:40:23.000 UTC,0.99985
2026-05-05 20:42:11.000 UTC,0.99985
2026-05-05 20:48:47.000 UTC,0.99985
2026-05-05 20:55:59.000 UTC,0.99985
2026-05-05 20:57:23.000 UTC,0.99985
2026-05-05 21:12:11.000 UTC,0.99985
2026-05-05 21:15:59.000 UTC,0.99985
2026-05-05 21:17:11.000 UTC,0.99985
2026-05-05 21:17:47.000 UTC,0.99985
2026-05-05 21:18:11.000 UTC,0.99985
2026-05-05 21:18:23.000 UTC,0.99985
2026-05-05 21:18:35.000 UTC,0.99985
2026-05-05 21:18:59.000 UTC,0.99985
2026-05-05 21:19:59.000 UTC,0.99985
2026-05-05 21:44:11.000 UTC,0.99985
2026-05-05 21:58:23.000 UTC,0.99985
2026-05-05 22:21:23.000 UTC,0.99985
2026-05-05 23:14:11.000 UTC,0.99985
2026-05-05 23:40:35.000 UTC,0.99985
2026-05-06 00:26:11.000 UTC,0.99985
2026-05-06 01:12:11.000 UTC,0.99985
2026-05-06 01:17:35.000 UTC,0.99985
2026-05-06 01:26:47.000 UTC,0.99985
2026-05-06 01:27:59.000 UTC,0.99985
2026-05-06 02:46:35.000 UTC,0.99985
2026-05-06 02:47:47.000 UTC,0.99985
2026-05-06 03:10:47.000 UTC,0.99985
2026-05-06 03:40:59.000 UTC,0.99985
2026-05-06 04:01:35.000 UTC,0.99985
2026-05-06 04:05:59.000 UTC,0.99985
2026-05-06 04:35:11.000 UTC,0.99985
2026-05-06 04:36:23.000 UTC,0.99985
2026-05-06 04:38:35.000 UTC,0.99985
2026-05-06 05:00:23.000 UTC,0.99985
2026-05-06 05:08:23.000 UTC,0.99985
2026-05-06 05:51:47.000 UTC,0.99985
2026-05-06 06:02:47.000 UTC,0.99985
2026-05-06 06:18:23.000 UTC,0.99985
2026-05-06 06:25:23.000 UTC,0.99985
2026-05-06 06:33:11.000 UTC,0.99985
2026-05-06 06:52:47.000 UTC,0.99985
2026-05-06 06:58:59.000 UTC,0.99985
2026-05-06 07:11:11.000 UTC,0.99979
2026-05-06 07:34:23.000 UTC,0.99979
2026-05-06 07:35:23.000 UTC,0.99979
2026-05-06 07:39:35.000 UTC,0.99979
2026-05-06 07:40:23.000 UTC,0.99979
2026-05-06 07:42:23.000 UTC,0.99979
2026-05-06 07:44:23.000 UTC,0.99979
2026-05-06 07:56:47.000 UTC,0.99979
2026-05-06 07:58:23.000 UTC,0.99979
2026-05-06 08:00:35.000 UTC,0.99979
2026-05-06 08:01:47.000 UTC,0.9998
2026-05-06 08:13:23.000 UTC,0.9998
2026-05-06 08:22:47.000 UTC,0.9998
2026-05-06 08:44:35.000 UTC,0.9998
2026-05-06 08:45:35.000 UTC,0.9998
2026-05-06 08:53:35.000 UTC,0.9998
2026-05-06 09:38:11.000 UTC,0.9998
2026-05-06 10:12:23.000 UTC,0.9998
2026-05-06 10:15:47.000 UTC,0.9998
2026-05-06 11:05:35.000 UTC,0.9998
2026-05-06 11:12:11.000 UTC,0.9998
2026-05-06 11:12:35.000 UTC,0.9998
2026-05-06 11:58:35.000 UTC,0.9998
2026-05-06 12:05:11.000 UTC,0.9998
2026-05-06 12:10:47.000 UTC,0.9998
2026-05-06 12:49:47.000 UTC,0.9998
2026-05-06 13:05:59.000 UTC,0.9998
2026-05-06 13:41:23.000 UTC,0.9998
2026-05-06 14:06:35.000 UTC,0.9998
2026-05-06 14:17:11.000 UTC,0.9998
2026-05-06 14:36:47.000 UTC,0.9998
2026-05-06 14:56:11.000 UTC,0.9998
2026-05-06 14:56:35.000 UTC,0.9998
2026-05-06 15:22:59.000 UTC,0.9998
2026-05-06 15:24:23.000 UTC,0.9998
2026-05-06 15:24:47.000 UTC,0.9998
2026-05-06 15:45:59.000 UTC,0.9998
2026-05-06 15:50:47.000 UTC,0.9998
2026-05-06 15:53:35.000 UTC,0.9998
2026-05-06 15:54:23.000 UTC,0.9998
2026-05-06 15:54:59.000 UTC,0.9998
2026-05-06 15:57:11.000 UTC,0.9998
2026-05-06 16:18:47.000 UTC,0.9998
2026-05-06 16:31:47.000 UTC,0.9998
2026-05-06 16:37:35.000 UTC,0.9998
2026-05-06 16:44:23.000 UTC,0.9998
2026-05-06 16:53:47.000 UTC,0.9998
2026-05-06 16:56:23.000 UTC,0.9998
2026-05-06 16:57:59.000 UTC,0.9998
2026-05-06 17:01:23.000 UTC,0.9998
2026-05-06 17:17:47.000 UTC,0.9998
2026-05-06 17:20:47.000 UTC,0.9998
2026-05-06 17:22:35.000 UTC,0.9998
2026-05-06 17:26:23.000 UTC,0.9998
2026-05-06 17:47:59.000 UTC,0.9998
2026-05-06 17:54:35.000 UTC,0.9998
2026-05-06 17:55:47.000 UTC,0.9998
2026-05-06 17:56:47.000 UTC,0.9998
2026-05-06 18:07:23.000 UTC,0.9998
2026-05-06 18:17:35.000 UTC,0.9998
2026-05-06 18:17:47.000 UTC,0.9998
2026-05-06 18:18:59.000 UTC,0.9998
2026-05-06 18:28:11.000 UTC,0.9998
2026-05-06 18:30:11.000 UTC,0.9998
2026-05-06 18:35:59.000 UTC,0.9998
2026-05-06 18:44:23.000 UTC,0.9998
2026-05-06 18:48:35.000 UTC,0.9998
2026-05-06 18:50:59.000 UTC,0.9998
2026-05-06 18:55:23.000 UTC,0.9998
2026-05-06 19:01:47.000 UTC,0.9998
2026-05-06 19:17:47.000 UTC,0.9998
2026-05-06 19:30:11.000 UTC,0.9998
2026-05-06 20:28:11.000 UTC,0.9998
2026-05-06 20:41:47.000 UTC,0.9998
2026-05-06 20:53:35.000 UTC,0.9998
2026-05-06 20:53:47.000 UTC,0.9998
2026-05-06 21:00:11.000 UTC,0.9998
2026-05-06 21:10:47.000 UTC,0.9998
2026-05-06 21:35:23.000 UTC,0.9998
2026-05-06 21:41:11.000 UTC,0.9998
2026-05-06 22:07:59.000 UTC,0.9998
2026-05-06 22:08:11.000 UTC,0.9998
2026-05-06 22:16:11.000 UTC,0.9998
2026-05-06 22:16:35.000 UTC,0.9998
2026-05-06 22:36:11.000 UTC,0.9998
2026-05-06 22:53:11.000 UTC,0.9998
2026-05-06 23:01:23.000 UTC,0.9998
2026-05-06 23:13:35.000 UTC,0.9998
2026-05-06 23:17:47.000 UTC,0.9998
2026-05-06 23:28:11.000 UTC,0.9998
2026-05-07 00:27:35.000 UTC,0.9998
2026-05-07 01:37:47.000 UTC,0.9998
2026-05-07 02:02:59.000 UTC,0.9998
2026-05-07 02:10:47.000 UTC,0.9998
2026-05-07 02:22:47.000 UTC,0.9998
2026-05-07 02:42:47.000 UTC,0.9998
2026-05-07 02:49:11.000 UTC,0.9998
2026-05-07 02:49:23.000 UTC,0.9998
2026-05-07 02:52:35.000 UTC,0.9998
2026-05-07 02:54:59.000 UTC,0.9998
2026-05-07 02:57:11.000 UTC,0.9998
2026-05-07 02:59:35.000 UTC,0.9998
2026-05-07 03:09:47.000 UTC,0.9998
2026-05-07 03:10:23.000 UTC,0.9998
2026-05-07 03:12:11.000 UTC,0.9998
2026-05-07 03:32:11.000 UTC,0.9998
2026-05-07 03:34:59.000 UTC,0.9998
2026-05-07 04:15:47.000 UTC,0.9998
2026-05-07 04:36:11.000 UTC,0.9998
2026-05-07 04:39:23.000 UTC,0.9998
2026-05-07 04:57:23.000 UTC,0.9998
2026-05-07 04:59:23.000 UTC,0.9998
2026-05-07 05:15:47.000 UTC,0.9998
2026-05-07 06:00:35.000 UTC,0.9998
2026-05-07 06:35:35.000 UTC,0.9998
2026-05-07 06:57:47.000 UTC,0.9998
2026-05-07 07:14:47.000 UTC,0.99983
2026-05-07 07:23:35.000 UTC,0.99983
2026-05-07 07:34:23.000 UTC,0.99983
2026-05-07 08:14:35.000 UTC,0.99984
2026-05-07 09:53:47.000 UTC,0.99984
2026-05-07 10:03:35.000 UTC,0.99984
2026-05-07 10:29:47.000 UTC,0.99984
2026-05-07 10:30:47.000 UTC,0.99984
2026-05-07 10:31:35.000 UTC,0.99984
2026-05-07 10:32:47.000 UTC,0.99984
2026-05-07 10:42:59.000 UTC,0.99984
2026-05-07 10:43:59.000 UTC,0.99984
2026-05-07 10:46:23.000 UTC,0.99984
2026-05-07 10:54:23.000 UTC,0.99984
2026-05-07 11:01:11.000 UTC,0.99984
2026-05-07 11:37:47.000 UTC,0.99984
2026-05-07 11:44:47.000 UTC,0.99984
2026-05-07 12:06:23.000 UTC,0.99984
2026-05-07 12:13:11.000 UTC,0.99984
2026-05-07 12:38:59.000 UTC,0.99984
2026-05-07 13:31:23.000 UTC,0.99984
2026-05-07 13:40:23.000 UTC,0.99984
2026-05-07 13:51:47.000 UTC,0.99984
2026-05-07 13:57:47.000 UTC,0.99984
2026-05-07 14:19:35.000 UTC,0.99984
2026-05-07 14:32:59.000 UTC,0.99984
2026-05-07 14:35:35.000 UTC,0.99984
2026-05-07 14:55:59.000 UTC,0.99984
2026-05-07 16:06:47.000 UTC,0.99984
2026-05-07 16:11:59.000 UTC,0.99984
2026-05-07 16:18:11.000 UTC,0.99984
2026-05-07 16:21:11.000 UTC,0.99984
2026-05-07 16:31:11.000 UTC,0.99984
2026-05-07 16:36:23.000 UTC,0.99984
2026-05-07 16:45:47.000 UTC,0.99984
2026-05-07 16:54:59.000 UTC,0.99984
2026-05-07 17:17:47.000 UTC,0.99984
2026-05-07 17:27:11.000 UTC,0.99984
2026-05-07 18:19:35.000 UTC,0.99984
2026-05-07 18:30:11.000 UTC,0.99984
2026-05-07 18:35:35.000 UTC,0.99984
2026-05-07 18:41:59.000 UTC,0.99984
2026-05-07 18:53:23.000 UTC,0.99984
2026-05-07 19:23:59.000 UTC,0.99984
2026-05-07 19:30:47.000 UTC,0.99984
2026-05-07 19:35:47.000 UTC,0.99984
2026-05-07 19:43:11.000 UTC,0.99984
2026-05-07 20:02:47.000 UTC,0.99984
2026-05-07 20:20:23.000 UTC,0.99984
2026-05-07 20:22:11.000 UTC,0.99984
2026-05-07 20:22:35.000 UTC,0.99984
2026-05-07 20:25:23.000 UTC,0.99984
2026-05-07 21:00:11.000 UTC,0.99984
2026-05-07 21:04:11.000 UTC,0.99984
2026-05-07 22:04:23.000 UTC,0.99984
2026-05-07 22:04:47.000 UTC,0.99984
2026-05-07 22:10:11.000 UTC,0.99984
2026-05-07 22:11:59.000 UTC,0.99984
2026-05-07 22:17:23.000 UTC,0.99984
2026-05-07 22:20:11.000 UTC,0.99984
2026-05-07 22:26:59.000 UTC,0.99984
2026-05-07 22:31:11.000 UTC,0.99984
2026-05-07 22:53:47.000 UTC,0.99984
2026-05-07 22:59:47.000 UTC,0.99984
2026-05-07 23:01:23.000 UTC,0.99984
2026-05-07 23:04:59.000 UTC,0.99984
2026-05-07 23:51:47.000 UTC,0.99984
2026-05-07 23:52:35.000 UTC,0.99984
2026-05-07 23:52:47.000 UTC,0.99984
2026-05-08 00:10:59.000 UTC,0.99984
2026-05-08 00:18:23.000 UTC,0.99984
2026-05-08 00:33:59.000 UTC,0.99984
2026-05-08 01:04:35.000 UTC,0.99984
2026-05-08 01:50:35.000 UTC,0.99984
2026-05-08 03:09:23.000 UTC,0.99984
2026-05-08 03:20:47.000 UTC,0.99984
2026-05-08 03:33:35.000 UTC,0.99984
2026-05-08 03:42:47.000 UTC,0.99984
2026-05-08 03:56:59.000 UTC,0.99984
2026-05-08 04:20:23.000 UTC,0.99984
2026-05-08 04:54:11.000 UTC,0.99984
2026-05-08 04:58:47.000 UTC,0.99984
2026-05-08 05:02:23.000 UTC,0.99984
2026-05-08 05:11:59.000 UTC,0.99984
2026-05-08 05:43:59.000 UTC,0.99984
2026-05-08 05:56:47.000 UTC,0.99984
2026-05-08 06:52:11.000 UTC,0.99984
2026-05-08 07:05:35.000 UTC,0.99992
2026-05-08 07:28:11.000 UTC,0.99992
2026-05-08 07:31:59.000 UTC,0.99992
2026-05-08 08:43:11.000 UTC,0.99988
2026-05-08 08:51:23.000 UTC,0.99988
2026-05-08 10:12:35.000 UTC,0.99988
2026-05-08 10:32:47.000 UTC,0.99988
2026-05-08 10:41:35.000 UTC,0.99988
2026-05-08 11:35:23.000 UTC,0.99988
2026-05-08 12:45:59.000 UTC,0.99988
2026-05-08 13:06:11.000 UTC,0.99988
2026-05-08 13:22:47.000 UTC,0.99988
2026-05-08 13:28:35.000 UTC,0.99988
2026-05-08 13:32:59.000 UTC,0.99988
2026-05-08 13:33:59.000 UTC,0.99988
2026-05-08 13:34:11.000 UTC,0.99988
2026-05-08 13:37:59.000 UTC,0.99988
2026-05-08 13:47:59.000 UTC,0.99988
2026-05-08 14:07:35.000 UTC,0.99988
2026-05-08 14:11:59.000 UTC,0.99988
2026-05-08 14:19:35.000 UTC,0.99988
2026-05-08 14:28:23.000 UTC,0.99988
2026-05-08 15:16:35.000 UTC,0.99988
2026-05-08 15:19:11.000 UTC,0.99988
2026-05-08 15:26:11.000 UTC,0.99988
2026-05-08 15:48:59.000 UTC,0.99988
2026-05-08 15:49:59.000 UTC,0.99988
2026-05-08 15:54:35.000 UTC,0.99988
2026-05-08 16:41:47.000 UTC,0.99988
2026-05-08 17:00:47.000 UTC,0.99988
2026-05-08 17:09:11.000 UTC,0.99988
2026-05-08 17:48:35.000 UTC,0.99988
2026-05-08 17:48:47.000 UTC,0.99988
2026-05-08 17:49:35.000 UTC,0.99988
2026-05-08 17:50:35.000 UTC,0.99988
2026-05-08 17:57:35.000 UTC,0.99988
2026-05-08 18:16:47.000 UTC,0.99988
2026-05-08 18:23:11.000 UTC,0.99988
2026-05-08 18:25:23.000 UTC,0.99988
2026-05-08 18:30:23.000 UTC,0.99988
2026-05-08 18:34:11.000 UTC,0.99988
2026-05-08 18:40:35.000 UTC,0.99988
2026-05-08 19:10:59.000 UTC,0.99988
2026-05-08 19:17:35.000 UTC,0.99988
2026-05-08 19:19:11.000 UTC,0.99988
2026-05-08 19:30:11.000 UTC,0.99988
2026-05-08 19:57:23.000 UTC,0.99988
2026-05-08 20:05:59.000 UTC,0.99988
2026-05-08 20:27:47.000 UTC,0.99988
2026-05-08 20:33:47.000 UTC,0.99988
2026-05-08 20:45:47.000 UTC,0.99988
2026-05-08 20:51:47.000 UTC,0.99988
2026-05-08 21:00:23.000 UTC,0.99988
2026-05-08 21:17:11.000 UTC,0.99988
2026-05-08 21:20:23.000 UTC,0.99988
2026-05-08 21:25:47.000 UTC,0.99988
2026-05-08 21:26:11.000 UTC,0.99988
2026-05-08 21:39:47.000 UTC,0.99988
2026-05-08 21:41:11.000 UTC,0.99988
2026-05-08 21:49:23.000 UTC,0.99988
2026-05-08 22:08:47.000 UTC,0.99988
2026-05-08 22:17:47.000 UTC,0.99988
2026-05-08 22:25:47.000 UTC,0.99988
2026-05-08 22:55:59.000 UTC,0.99988
2026-05-08 23:08:47.000 UTC,0.99988
2026-05-08 23:10:11.000 UTC,0.99988
2026-05-08 23:57:11.000 UTC,0.99988
2026-05-08 23:58:47.000 UTC,0.99988
2026-05-09 00:18:47.000 UTC,0.99988
2026-05-09 00:29:47.000 UTC,0.99988
2026-05-09 01:14:59.000 UTC,0.99988
2026-05-09 01:58:23.000 UTC,0.99988
2026-05-09 02:21:47.000 UTC,0.99988
2026-05-09 02:28:11.000 UTC,0.99988
2026-05-09 02:28:59.000 UTC,0.99988
2026-05-09 02:31:23.000 UTC,0.99988
2026-05-09 02:44:11.000 UTC,0.99988
2026-05-09 03:08:47.000 UTC,0.99988
2026-05-09 03:55:35.000 UTC,0.99988
2026-05-09 04:21:11.000 UTC,0.99988
2026-05-09 04:49:59.000 UTC,0.99988
2026-05-09 04:53:47.000 UTC,0.99988
2026-05-09 05:02:59.000 UTC,0.99988
2026-05-09 05:16:35.000 UTC,0.99988
2026-05-09 05:22:35.000 UTC,0.99988
2026-05-09 05:39:23.000 UTC,0.99988
2026-05-09 05:49:23.000 UTC,0.99988
2026-05-09 05:50:47.000 UTC,0.99988
2026-05-09 07:35:47.000 UTC,0.99981467
2026-05-09 07:42:59.000 UTC,0.99981467
2026-05-09 08:41:35.000 UTC,0.99977706
2026-05-09 08:44:11.000 UTC,0.99977706
2026-05-09 08:52:11.000 UTC,0.99977706
2026-05-09 09:05:11.000 UTC,0.99977706
2026-05-09 09:34:35.000 UTC,0.99977706
2026-05-09 09:52:47.000 UTC,0.99977706
2026-05-09 10:02:59.000 UTC,0.99977706
2026-05-09 10:05:59.000 UTC,0.99977706
2026-05-09 10:37:47.000 UTC,0.99977706
2026-05-09 10:46:23.000 UTC,0.99977706
2026-05-09 10:48:11.000 UTC,0.99977706
2026-05-09 10:57:23.000 UTC,0.99977706
2026-05-09 10:57:47.000 UTC,0.99977706
2026-05-09 11:28:11.000 UTC,0.99977706
2026-05-09 11:44:35.000 UTC,0.99977706
2026-05-09 11:47:23.000 UTC,0.99977706
2026-05-09 11:57:35.000 UTC,0.99977706
2026-05-09 12:04:59.000 UTC,0.99977706
2026-05-09 12:43:59.000 UTC,0.99977706
2026-05-09 13:12:47.000 UTC,0.99977706
2026-05-09 13:13:35.000 UTC,0.99977706
2026-05-09 13:25:11.000 UTC,0.99977706
2026-05-09 13:43:23.000 UTC,0.99977706
2026-05-09 13:45:47.000 UTC,0.99977706
2026-05-09 13:50:59.000 UTC,0.99977706
2026-05-09 14:03:35.000 UTC,0.99977706
2026-05-09 14:29:35.000 UTC,0.99977706
2026-05-09 14:30:11.000 UTC,0.99977706
2026-05-09 14:30:47.000 UTC,0.99977706
2026-05-09 15:27:59.000 UTC,0.99977706
2026-05-09 15:40:35.000 UTC,0.99977706
2026-05-09 15:56:35.000 UTC,0.99977706
2026-05-09 16:30:11.000 UTC,0.99977706
2026-05-09 17:19:35.000 UTC,0.99977706
2026-05-09 17:31:23.000 UTC,0.99977706
2026-05-09 18:30:35.000 UTC,0.99977706
2026-05-09 18:34:35.000 UTC,0.99977706
2026-05-09 18:44:11.000 UTC,0.99977706
2026-05-09 19:03:35.000 UTC,0.99977706
2026-05-09 19:30:23.000 UTC,0.99977706
2026-05-09 19:35:23.000 UTC,0.99977706
2026-05-09 19:44:11.000 UTC,0.99977706
2026-05-09 19:55:47.000 UTC,0.99977706
2026-05-09 20:01:47.000 UTC,0.99977706
2026-05-09 20:04:59.000 UTC,0.99977706
2026-05-09 20:12:47.000 UTC,0.99977706
2026-05-09 20:45:59.000 UTC,0.99977706
2026-05-09 21:20:59.000 UTC,0.99977706
2026-05-09 21:27:47.000 UTC,0.99977706
2026-05-09 22:51:59.000 UTC,0.99977706
2026-05-09 22:56:59.000 UTC,0.99977706
2026-05-09 23:08:23.000 UTC,0.99977706
2026-05-09 23:11:11.000 UTC,0.99977706
2026-05-09 23:36:11.000 UTC,0.99977706
2026-05-10 00:29:23.000 UTC,0.99977706
2026-05-10 00:32:11.000 UTC,0.99977706
2026-05-10 00:37:11.000 UTC,0.99977706
2026-05-10 00:43:35.000 UTC,0.99977706
2026-05-10 00:43:59.000 UTC,0.99977706
2026-05-10 00:49:23.000 UTC,0.99977706
2026-05-10 00:53:47.000 UTC,0.99977706
2026-05-10 01:35:47.000 UTC,0.99977706
2026-05-10 02:07:35.000 UTC,0.99977706
2026-05-10 02:20:11.000 UTC,0.99977706
2026-05-10 02:21:11.000 UTC,0.99977706
2026-05-10 02:21:23.000 UTC,0.99977706
2026-05-10 02:38:35.000 UTC,0.99977706
2026-05-10 02:38:59.000 UTC,0.99977706
2026-05-10 03:00:59.000 UTC,0.99977706
2026-05-10 03:04:47.000 UTC,0.99977706
2026-05-10 03:19:11.000 UTC,0.99977706
2026-05-10 04:29:59.000 UTC,0.99977706
2026-05-10 05:48:35.000 UTC,0.99977706
2026-05-10 06:24:35.000 UTC,0.99977706
2026-05-10 07:38:35.000 UTC,0.99980458
2026-05-10 07:42:47.000 UTC,0.99980458
2026-05-10 07:51:11.000 UTC,0.99980458
2026-05-10 07:53:35.000 UTC,0.99980458
2026-05-10 07:55:35.000 UTC,0.99980458
2026-05-10 08:10:35.000 UTC,0.99980207
2026-05-10 08:23:35.000 UTC,0.99980207
2026-05-10 08:46:23.000 UTC,0.99980207
2026-05-10 09:00:23.000 UTC,0.99980207
2026-05-10 09:02:47.000 UTC,0.99980207
2026-05-10 09:16:11.000 UTC,0.99980207
2026-05-10 09:29:59.000 UTC,0.99980207
2026-05-10 10:39:35.000 UTC,0.99980207
2026-05-10 10:47:23.000 UTC,0.99980207
2026-05-10 11:06:23.000 UTC,0.99980207
2026-05-10 11:45:11.000 UTC,0.99980207
2026-05-10 11:48:59.000 UTC,0.99980207
2026-05-10 12:27:47.000 UTC,0.99980207
2026-05-10 12:37:59.000 UTC,0.99980207
2026-05-10 12:41:47.000 UTC,0.99980207
2026-05-10 15:26:35.000 UTC,0.99980207
2026-05-10 15:46:11.000 UTC,0.99980207
2026-05-10 16:37:47.000 UTC,0.99980207
2026-05-10 16:38:23.000 UTC,0.99980207
2026-05-10 16:51:47.000 UTC,0.99980207
2026-05-10 16:54:23.000 UTC,0.99980207
2026-05-10 17:11:11.000 UTC,0.99980207
2026-05-10 17:23:11.000 UTC,0.99980207
2026-05-10 17:29:59.000 UTC,0.99980207
2026-05-10 17:45:47.000 UTC,0.99980207
2026-05-10 17:54:59.000 UTC,0.99980207
2026-05-10 18:01:23.000 UTC,0.99980207
2026-05-10 18:30:35.000 UTC,0.99980207
2026-05-10 18:33:35.000 UTC,0.99980207
2026-05-10 19:04:59.000 UTC,0.99980207
2026-05-10 19:09:59.000 UTC,0.99980207
2026-05-10 19:16:11.000 UTC,0.99980207
2026-05-10 19:30:35.000 UTC,0.99980207
2026-05-10 19:46:59.000 UTC,0.99980207
2026-05-10 19:48:35.000 UTC,0.99980207
2026-05-10 19:57:11.000 UTC,0.99980207
2026-05-10 20:00:35.000 UTC,0.99980207
2026-05-10 20:01:23.000 UTC,0.99980207
2026-05-10 21:25:11.000 UTC,0.99980207
2026-05-10 21:33:11.000 UTC,0.99980207
2026-05-10 21:56:35.000 UTC,0.99980207
2026-05-10 22:37:47.000 UTC,0.99980207
2026-05-10 22:44:35.000 UTC,0.99980207
2026-05-10 22:48:11.000 UTC,0.99980207
2026-05-10 23:12:23.000 UTC,0.99980207
2026-05-10 23:15:35.000 UTC,0.99980207
2026-05-10 23:29:47.000 UTC,0.99980207
2026-05-10 23:38:11.000 UTC,0.99980207
2026-05-10 23:51:35.000 UTC,0.99980207
2026-05-10 23:57:11.000 UTC,0.99980207
2026-05-11 00:03:23.000 UTC,0.99980207
2026-05-11 00:11:11.000 UTC,0.99980207
2026-05-11 00:31:11.000 UTC,0.99980207
2026-05-11 00:32:23.000 UTC,0.99980207
2026-05-11 02:02:47.000 UTC,0.99980207
2026-05-11 02:03:35.000 UTC,0.99980207
2026-05-11 03:01:23.000 UTC,0.99980207
2026-05-11 03:30:23.000 UTC,0.99980207
2026-05-11 03:43:23.000 UTC,0.99980207
2026-05-11 03:48:59.000 UTC,0.99980207
2026-05-11 04:03:59.000 UTC,0.99980207
2026-05-11 04:07:47.000 UTC,0.99980207
2026-05-11 04:12:59.000 UTC,0.99980207
2026-05-11 04:30:35.000 UTC,0.99980207
2026-05-11 04:33:11.000 UTC,0.99980207
2026-05-11 04:41:47.000 UTC,0.99980207
2026-05-11 04:47:59.000 UTC,0.99980207
2026-05-11 05:07:23.000 UTC,0.99980207
2026-05-11 05:08:59.000 UTC,0.99980207
2026-05-11 05:27:35.000 UTC,0.99980207
2026-05-11 05:42:11.000 UTC,0.99980207
2026-05-11 05:43:23.000 UTC,0.99980207
2026-05-11 05:59:47.000 UTC,0.99980207
2026-05-11 06:10:11.000 UTC,0.99980207
2026-05-11 06:16:59.000 UTC,0.99980207
2026-05-11 07:14:59.000 UTC,0.9998
2026-05-11 08:07:35.000 UTC,0.99977982
2026-05-11 08:08:11.000 UTC,0.99977982
2026-05-11 08:46:47.000 UTC,0.99977982
2026-05-11 09:15:47.000 UTC,0.99977982
2026-05-11 09:31:59.000 UTC,0.99977982
2026-05-11 09:48:47.000 UTC,0.99977982
2026-05-11 10:13:47.000 UTC,0.99977982
2026-05-11 10:17:35.000 UTC,0.99977982
2026-05-11 11:25:23.000 UTC,0.99977982
2026-05-11 11:25:47.000 UTC,0.99977982
2026-05-11 11:43:35.000 UTC,0.99977982
2026-05-11 12:18:11.000 UTC,0.99977982
2026-05-11 12:55:47.000 UTC,0.99977982
2026-05-11 13:00:11.000 UTC,0.99977982
2026-05-11 13:40:11.000 UTC,0.99977982
2026-05-11 13:45:47.000 UTC,0.99977982
2026-05-11 13:49:35.000 UTC,0.99977982
2026-05-11 13:59:35.000 UTC,0.99977982
2026-05-11 14:33:11.000 UTC,0.99977982
2026-05-11 14:35:11.000 UTC,0.99977982
2026-05-11 14:48:47.000 UTC,0.99977982
2026-05-11 15:11:47.000 UTC,0.99977982
2026-05-11 15:15:23.000 UTC,0.99977982
2026-05-11 15:16:11.000 UTC,0.99977982
2026-05-11 15:16:47.000 UTC,0.99977982
2026-05-11 15:47:47.000 UTC,0.99977982
2026-05-11 16:10:23.000 UTC,0.99977982
2026-05-11 16:12:59.000 UTC,0.99977982
2026-05-11 17:09:35.000 UTC,0.99977982
2026-05-11 17:17:23.000 UTC,0.99977982
2026-05-11 17:22:47.000 UTC,0.99977982
2026-05-11 17:39:35.000 UTC,0.99977982
2026-05-11 17:40:11.000 UTC,0.99977982
2026-05-11 17:41:11.000 UTC,0.99977982
2026-05-11 17:43:11.000 UTC,0.99977982
2026-05-11 17:48:59.000 UTC,0.99977982
2026-05-11 18:30:11.000 UTC,0.99977982
2026-05-11 18:46:35.000 UTC,0.99977982
2026-05-11 18:51:11.000 UTC,0.99977982
2026-05-11 18:57:23.000 UTC,0.99977982
2026-05-11 18:58:23.000 UTC,0.99977982
2026-05-11 19:14:11.000 UTC,0.99977982
2026-05-11 19:25:35.000 UTC,0.99977982
2026-05-11 19:30:47.000 UTC,0.99977982
2026-05-11 19:38:11.000 UTC,0.99977982
2026-05-11 19:39:59.000 UTC,0.99977982
2026-05-11 19:46:23.000 UTC,0.99977982
2026-05-11 19:47:23.000 UTC,0.99977982
2026-05-11 19:48:47.000 UTC,0.99977982
2026-05-11 19:51:59.000 UTC,0.99977982
2026-05-11 20:20:23.000 UTC,0.99977982
2026-05-11 20:30:11.000 UTC,0.99977982
2026-05-11 21:11:35.000 UTC,0.99977982
2026-05-11 21:36:47.000 UTC,0.99977982
2026-05-11 21:43:11.000 UTC,0.99977982
2026-05-11 22:45:47.000 UTC,0.99977982
2026-05-11 22:47:59.000 UTC,0.99977982
2026-05-11 22:53:59.000 UTC,0.99977982
2026-05-11 23:10:23.000 UTC,0.99977982
2026-05-11 23:29:23.000 UTC,0.99977982
2026-05-11 23:38:11.000 UTC,0.99977982
2026-05-12 00:17:35.000 UTC,0.99977982
2026-05-12 00:24:35.000 UTC,0.99977982
2026-05-12 00:25:59.000 UTC,0.99977982
2026-05-12 00:27:47.000 UTC,0.99977982
2026-05-12 00:29:59.000 UTC,0.99977982
2026-05-12 00:47:23.000 UTC,0.99977982
2026-05-12 01:00:47.000 UTC,0.99977982
2026-05-12 01:38:11.000 UTC,0.99977982
2026-05-12 01:39:47.000 UTC,0.99977982
2026-05-12 01:58:11.000 UTC,0.99977982
2026-05-12 01:59:47.000 UTC,0.99977982
2026-05-12 02:12:35.000 UTC,0.99977982
2026-05-12 02:13:23.000 UTC,0.99977982
2026-05-12 02:16:11.000 UTC,0.99977982
2026-05-12 02:19:11.000 UTC,0.99977982
2026-05-12 02:22:59.000 UTC,0.99977982
2026-05-12 02:23:23.000 UTC,0.99977982
2026-05-12 02:28:59.000 UTC,0.99977982
2026-05-12 02:36:35.000 UTC,0.99977982
2026-05-12 02:40:47.000 UTC,0.99977982
2026-05-12 02:46:23.000 UTC,0.99977982
2026-05-12 03:17:59.000 UTC,0.99977982
2026-05-12 03:24:59.000 UTC,0.99977982
2026-05-12 03:47:11.000 UTC,0.99977982
2026-05-12 04:03:47.000 UTC,0.99977982
2026-05-12 04:41:23.000 UTC,0.99977982
2026-05-12 04:50:35.000 UTC,0.99977982
2026-05-12 04:57:59.000 UTC,0.99977982
2026-05-12 04:59:59.000 UTC,0.99977982
2026-05-12 05:07:59.000 UTC,0.99977982
2026-05-12 05:24:11.000 UTC,0.99977982
2026-05-12 05:24:23.000 UTC,0.99977982
2026-05-12 05:34:59.000 UTC,0.99977982
2026-05-12 05:48:11.000 UTC,0.99977982
2026-05-12 06:17:59.000 UTC,0.99977982
2026-05-12 06:20:35.000 UTC,0.99977982
2026-05-12 06:47:59.000 UTC,0.99977982
2026-05-12 07:01:23.000 UTC,0.99977982
2026-05-12 07:03:23.000 UTC,0.9998
2026-05-12 07:03:59.000 UTC,0.9998
2026-05-12 07:17:59.000 UTC,0.9998
2026-05-12 07:31:59.000 UTC,0.9998
2026-05-12 07:47:59.000 UTC,0.9998
2026-05-12 08:17:59.000 UTC,0.99977029
2026-05-12 08:47:59.000 UTC,0.99977029
2026-05-12 08:57:47.000 UTC,0.99977029
2026-05-12 08:59:59.000 UTC,0.99977029
2026-05-12 09:18:35.000 UTC,0.99977029
2026-05-12 09:43:35.000 UTC,0.99977029
2026-05-12 09:47:59.000 UTC,0.99977029
2026-05-12 10:05:23.000 UTC,0.99977029
2026-05-12 10:18:11.000 UTC,0.99977029
2026-05-12 10:19:59.000 UTC,0.99977029
2026-05-12 10:23:35.000 UTC,0.99977029
2026-05-12 10:34:59.000 UTC,0.99977029
2026-05-12 10:47:59.000 UTC,0.99977029
2026-05-12 11:14:23.000 UTC,0.99977029
2026-05-12 11:33:11.000 UTC,0.99977029
2026-05-12 11:40:23.000 UTC,0.99977029
2026-05-12 11:43:23.000 UTC,0.99977029
2026-05-12 12:17:11.000 UTC,0.99977029
2026-05-12 12:47:59.000 UTC,0.99977029
2026-05-12 13:47:11.000 UTC,0.99977029
2026-05-12 14:14:47.000 UTC,0.99977029
2026-05-12 14:32:23.000 UTC,0.99977029
2026-05-12 14:36:47.000 UTC,0.99977029
2026-05-12 14:43:35.000 UTC,0.99977029
2026-05-12 15:03:23.000 UTC,0.99977029
2026-05-12 15:17:47.000 UTC,0.99977029
2026-05-12 15:21:47.000 UTC,0.99977029
2026-05-12 15:47:59.000 UTC,0.99977029
2026-05-12 16:09:23.000 UTC,0.99977029
2026-05-12 16:15:59.000 UTC,0.99977029
2026-05-12 16:17:59.000 UTC,0.99977029
2026-05-12 16:47:59.000 UTC,0.99977029
2026-05-12 17:19:23.000 UTC,0.99977029
2026-05-12 17:36:59.000 UTC,0.99977029
2026-05-12 17:47:59.000 UTC,0.99977029
2026-05-12 17:50:59.000 UTC,0.99977029
2026-05-12 18:15:11.000 UTC,0.99977029
2026-05-12 18:27:47.000 UTC,0.99977029
2026-05-12 18:31:35.000 UTC,0.99977029
2026-05-12 18:40:59.000 UTC,0.99977029
2026-05-12 18:42:11.000 UTC,0.99977029
2026-05-12 18:43:47.000 UTC,0.99977029
2026-05-12 19:07:11.000 UTC,0.99977029
2026-05-12 19:16:47.000 UTC,0.99977029
2026-05-12 19:28:35.000 UTC,0.99977029
2026-05-12 19:47:47.000 UTC,0.99977029
2026-05-12 19:59:59.000 UTC,0.99977029
2026-05-12 20:05:23.000 UTC,0.99977029
2026-05-12 20:13:11.000 UTC,0.99977029
2026-05-12 20:19:11.000 UTC,0.99977029
2026-05-12 20:56:11.000 UTC,0.99977029
2026-05-12 21:02:23.000 UTC,0.99977029
2026-05-12 21:31:47.000 UTC,0.99977029
2026-05-12 21:32:35.000 UTC,0.99977029
2026-05-12 22:17:23.000 UTC,0.99977029
2026-05-12 22:21:47.000 UTC,0.99977029
2026-05-12 22:39:47.000 UTC,0.99977029
2026-05-12 22:43:59.000 UTC,0.99977029
2026-05-12 23:12:47.000 UTC,0.99977029
2026-05-12 23:20:47.000 UTC,0.99977029
2026-05-12 23:34:11.000 UTC,0.99977029
2026-05-12 23:41:59.000 UTC,0.99977029
2026-05-12 23:52:59.000 UTC,0.99977029
2026-05-13 00:40:47.000 UTC,0.99977029
2026-05-13 00:45:35.000 UTC,0.99977029
2026-05-13 00:54:35.000 UTC,0.99977029
2026-05-13 01:19:35.000 UTC,0.99977029
2026-05-13 01:25:23.000 UTC,0.99977029
2026-05-13 01:28:35.000 UTC,0.99977029
2026-05-13 01:30:11.000 UTC,0.99977029
2026-05-13 01:31:35.000 UTC,0.99977029
2026-05-13 01:33:47.000 UTC,0.99977029
2026-05-13 01:38:11.000 UTC,0.99977029
2026-05-13 01:39:11.000 UTC,0.99977029
2026-05-13 01:59:59.000 UTC,0.99977029
2026-05-13 02:06:47.000 UTC,0.99977029
2026-05-13 02:15:23.000 UTC,0.99977029
2026-05-13 02:20:11.000 UTC,0.99977029
2026-05-13 02:24:11.000 UTC,0.99977029
2026-05-13 02:29:47.000 UTC,0.99977029
2026-05-13 02:32:11.000 UTC,0.99977029
2026-05-13 02:35:23.000 UTC,0.99977029
2026-05-13 02:36:59.000 UTC,0.99977029
2026-05-13 02:37:35.000 UTC,0.99977029
2026-05-13 02:47:59.000 UTC,0.99977029
2026-05-13 03:18:35.000 UTC,0.99977029
2026-05-13 03:38:47.000 UTC,0.99977029
2026-05-13 03:44:59.000 UTC,0.99977029
2026-05-13 03:45:23.000 UTC,0.99977029
2026-05-13 03:45:35.000 UTC,0.99977029
2026-05-13 04:03:47.000 UTC,0.99977029
2026-05-13 04:40:11.000 UTC,0.99977029
2026-05-13 05:30:35.000 UTC,0.99977029
2026-05-13 05:58:59.000 UTC,0.99977029
2026-05-13 06:03:23.000 UTC,0.99977029
2026-05-13 06:07:59.000 UTC,0.99977029
2026-05-13 06:29:11.000 UTC,0.99977029
2026-05-13 06:53:47.000 UTC,0.99977029
2026-05-13 07:10:59.000 UTC,0.99977
2026-05-13 07:31:23.000 UTC,0.99977
2026-05-13 07:38:59.000 UTC,0.99977
2026-05-13 07:52:23.000 UTC,0.99977
2026-05-13 07:54:47.000 UTC,0.99977
2026-05-13 07:55:11.000 UTC,0.99977
2026-05-13 08:07:47.000 UTC,0.99975
2026-05-13 08:43:59.000 UTC,0.99975
2026-05-13 08:48:23.000 UTC,0.99975
2026-05-13 08:50:23.000 UTC,0.99975
2026-05-13 09:10:47.000 UTC,0.99975
2026-05-13 09:13:11.000 UTC,0.99975
2026-05-13 09:25:47.000 UTC,0.99975
2026-05-13 09:28:47.000 UTC,0.99975
2026-05-13 09:57:59.000 UTC,0.99975
2026-05-13 10:02:59.000 UTC,0.99975
2026-05-13 10:13:35.000 UTC,0.99975
2026-05-13 10:14:59.000 UTC,0.99975
2026-05-13 10:35:11.000 UTC,0.99975
2026-05-13 11:00:47.000 UTC,0.99975
2026-05-13 11:05:47.000 UTC,0.99975
2026-05-13 11:17:47.000 UTC,0.99975
2026-05-13 11:38:59.000 UTC,0.99975
2026-05-13 11:40:59.000 UTC,0.99975
2026-05-13 11:41:23.000 UTC,0.99975
2026-05-13 11:44:59.000 UTC,0.99975
2026-05-13 11:50:11.000 UTC,0.99975
2026-05-13 12:03:23.000 UTC,0.99975
2026-05-13 12:08:11.000 UTC,0.99975
2026-05-13 12:17:11.000 UTC,0.99975
2026-05-13 12:42:35.000 UTC,0.99975
2026-05-13 13:04:59.000 UTC,0.99975
2026-05-13 13:07:35.000 UTC,0.99975
2026-05-13 13:12:47.000 UTC,0.99975
2026-05-13 13:16:11.000 UTC,0.99975
2026-05-13 13:18:47.000 UTC,0.99975
2026-05-13 13:19:59.000 UTC,0.99975
2026-05-13 13:22:23.000 UTC,0.99975
2026-05-13 13:22:59.000 UTC,0.99975
2026-05-13 13:32:23.000 UTC,0.99975
2026-05-13 13:37:59.000 UTC,0.99975
2026-05-13 13:54:47.000 UTC,0.99975
2026-05-13 14:17:11.000 UTC,0.99975
2026-05-13 14:17:35.000 UTC,0.99975
2026-05-13 14:18:35.000 UTC,0.99975
2026-05-13 14:23:47.000 UTC,0.99975
2026-05-13 14:26:47.000 UTC,0.99975
2026-05-13 14:46:11.000 UTC,0.99975
2026-05-13 15:03:47.000 UTC,0.99975
2026-05-13 15:06:59.000 UTC,0.99975
2026-05-13 15:07:47.000 UTC,0.99975
2026-05-13 15:27:59.000 UTC,0.99975
2026-05-13 15:31:11.000 UTC,0.99975
2026-05-13 16:13:59.000 UTC,0.99975
2026-05-13 16:33:11.000 UTC,0.99975
2026-05-13 17:07:35.000 UTC,0.99975
2026-05-13 17:54:23.000 UTC,0.99975
2026-05-13 17:57:23.000 UTC,0.99975
2026-05-13 17:58:23.000 UTC,0.99975
2026-05-13 18:05:59.000 UTC,0.99975
2026-05-13 18:06:47.000 UTC,0.99975
2026-05-13 18:14:59.000 UTC,0.99975
2026-05-13 18:32:35.000 UTC,0.99975
2026-05-13 18:36:23.000 UTC,0.99975
2026-05-13 18:42:47.000 UTC,0.99975
2026-05-13 18:56:35.000 UTC,0.99975
2026-05-13 19:02:23.000 UTC,0.99975
2026-05-13 19:40:59.000 UTC,0.99975
2026-05-13 19:46:23.000 UTC,0.99975
2026-05-13 19:51:59.000 UTC,0.99975
2026-05-13 19:55:59.000 UTC,0.99975
2026-05-13 19:59:47.000 UTC,0.99975
2026-05-13 20:00:59.000 UTC,0.99975
2026-05-13 20:07:35.000 UTC,0.99975
2026-05-13 20:08:11.000 UTC,0.99975
2026-05-13 20:17:11.000 UTC,0.99975
2026-05-13 20:20:11.000 UTC,0.99975
2026-05-13 20:26:47.000 UTC,0.99975
2026-05-13 20:35:47.000 UTC,0.99975
2026-05-13 20:55:59.000 UTC,0.99975
2026-05-13 21:27:59.000 UTC,0.99975
2026-05-13 21:32:59.000 UTC,0.99975
2026-05-13 21:37:23.000 UTC,0.99975
2026-05-13 21:37:59.000 UTC,0.99975
2026-05-13 21:49:11.000 UTC,0.99975
2026-05-13 21:51:59.000 UTC,0.99975
2026-05-13 22:09:35.000 UTC,0.99975
2026-05-13 22:14:23.000 UTC,0.99975
2026-05-13 22:14:47.000 UTC,0.99975
2026-05-13 22:18:23.000 UTC,0.99975
2026-05-13 22:18:47.000 UTC,0.99975
2026-05-13 22:22:35.000 UTC,0.99975
2026-05-13 22:24:47.000 UTC,0.99975
2026-05-13 22:25:23.000 UTC,0.99975
2026-05-13 22:28:23.000 UTC,0.99975
2026-05-13 22:32:23.000 UTC,0.99975
2026-05-13 22:34:11.000 UTC,0.99975
2026-05-13 23:06:23.000 UTC,0.99975
2026-05-13 23:19:11.000 UTC,0.99975
2026-05-13 23:38:47.000 UTC,0.99975
2026-05-13 23:40:23.000 UTC,0.99975
2026-05-13 23:44:35.000 UTC,0.99975
2026-05-13 23:54:35.000 UTC,0.99975
2026-05-13 23:57:11.000 UTC,0.99975
2026-05-13 23:59:47.000 UTC,0.99975
2026-05-14 01:20:11.000 UTC,0.99975
2026-05-14 02:02:23.000 UTC,0.99975
2026-05-14 02:14:23.000 UTC,0.99975
2026-05-14 02:57:35.000 UTC,0.99975
2026-05-14 02:59:11.000 UTC,0.99975
2026-05-14 03:07:35.000 UTC,0.99975
2026-05-14 03:18:35.000 UTC,0.99975
2026-05-14 03:25:23.000 UTC,0.99975
2026-05-14 03:38:35.000 UTC,0.99975
2026-05-14 03:59:59.000 UTC,0.99975
2026-05-14 04:17:11.000 UTC,0.99975
2026-05-14 04:30:47.000 UTC,0.99975
2026-05-14 04:52:35.000 UTC,0.99975
2026-05-14 04:52:47.000 UTC,0.99975
2026-05-14 05:23:23.000 UTC,0.99975
2026-05-14 05:35:11.000 UTC,0.99975
2026-05-14 05:56:11.000 UTC,0.99975
2026-05-14 06:14:11.000 UTC,0.99975
2026-05-14 06:42:35.000 UTC,0.99975
2026-05-14 08:01:23.000 UTC,0.99973
2026-05-14 08:01:47.000 UTC,0.99973
2026-05-14 08:57:23.000 UTC,0.99973
2026-05-14 09:51:47.000 UTC,0.99973
2026-05-14 09:58:59.000 UTC,0.99973
2026-05-14 10:00:35.000 UTC,0.99973
2026-05-14 10:02:59.000 UTC,0.99973
2026-05-14 10:13:47.000 UTC,0.99973
2026-05-14 10:14:47.000 UTC,0.99973
2026-05-14 10:21:47.000 UTC,0.99973
2026-05-14 10:23:11.000 UTC,0.99973
2026-05-14 10:27:47.000 UTC,0.99973
2026-05-14 10:28:47.000 UTC,0.99973
2026-05-14 10:31:23.000 UTC,0.99973
2026-05-14 10:31:47.000 UTC,0.99973
2026-05-14 10:32:59.000 UTC,0.99973
2026-05-14 10:42:47.000 UTC,0.99973
2026-05-14 10:50:47.000 UTC,0.99973
2026-05-14 11:01:11.000 UTC,0.99973
2026-05-14 11:18:47.000 UTC,0.99973
2026-05-14 11:35:11.000 UTC,0.99973
2026-05-14 12:31:59.000 UTC,0.99973
2026-05-14 12:39:23.000 UTC,0.99973
2026-05-14 12:49:35.000 UTC,0.99973
2026-05-14 13:33:23.000 UTC,0.99973
2026-05-14 13:50:59.000 UTC,0.99973
2026-05-14 14:05:11.000 UTC,0.99973
2026-05-14 14:33:23.000 UTC,0.99973
2026-05-14 14:34:11.000 UTC,0.99973
2026-05-14 14:36:47.000 UTC,0.99973
2026-05-14 15:10:11.000 UTC,0.99973
2026-05-14 15:21:47.000 UTC,0.99973
2026-05-14 15:28:59.000 UTC,0.99973
2026-05-14 15:31:23.000 UTC,0.99973
2026-05-14 15:56:59.000 UTC,0.99973
2026-05-14 16:07:59.000 UTC,0.99973
2026-05-14 16:12:23.000 UTC,0.99973
2026-05-14 16:19:47.000 UTC,0.99973
2026-05-14 16:31:23.000 UTC,0.99973
2026-05-14 17:17:11.000 UTC,0.99973
2026-05-14 17:18:23.000 UTC,0.99973
2026-05-14 17:37:11.000 UTC,0.99973
2026-05-14 17:37:23.000 UTC,0.99973
2026-05-14 17:45:47.000 UTC,0.99973
2026-05-14 17:56:35.000 UTC,0.99973
2026-05-14 17:59:11.000 UTC,0.99973
2026-05-14 18:17:23.000 UTC,0.99973
2026-05-14 18:17:59.000 UTC,0.99973
2026-05-14 18:18:59.000 UTC,0.99973
2026-05-14 18:20:59.000 UTC,0.99973
2026-05-14 18:21:59.000 UTC,0.99973
2026-05-14 18:22:59.000 UTC,0.99973
2026-05-14 18:24:47.000 UTC,0.99973
2026-05-14 18:29:35.000 UTC,0.99973
2026-05-14 18:33:47.000 UTC,0.99973
2026-05-14 18:45:23.000 UTC,0.99973
2026-05-14 18:55:35.000 UTC,0.99973
2026-05-14 19:22:59.000 UTC,0.99973
2026-05-14 19:26:35.000 UTC,0.99973
2026-05-14 19:29:11.000 UTC,0.99973
2026-05-14 19:49:11.000 UTC,0.99973
2026-05-14 19:52:59.000 UTC,0.99973
2026-05-14 20:16:23.000 UTC,0.99973
2026-05-14 20:35:47.000 UTC,0.99973
2026-05-14 21:22:35.000 UTC,0.99973
2026-05-14 21:25:23.000 UTC,0.99973
2026-05-14 21:25:47.000 UTC,0.99973
2026-05-14 21:34:47.000 UTC,0.99973
2026-05-14 21:39:23.000 UTC,0.99973
2026-05-14 21:47:11.000 UTC,0.99973
2026-05-14 22:26:35.000 UTC,0.99973
2026-05-14 22:34:35.000 UTC,0.99973
2026-05-14 22:38:59.000 UTC,0.99973
2026-05-14 22:44:47.000 UTC,0.99973
2026-05-14 22:53:11.000 UTC,0.99973
2026-05-14 23:38:11.000 UTC,0.99973
2026-05-15 00:02:35.000 UTC,0.99973
2026-05-15 00:25:23.000 UTC,0.99973
2026-05-15 00:29:23.000 UTC,0.99973
2026-05-15 00:40:59.000 UTC,0.99973
2026-05-15 01:51:11.000 UTC,0.99973
2026-05-15 02:25:59.000 UTC,0.99973
2026-05-15 02:34:23.000 UTC,0.99973
2026-05-15 02:39:59.000 UTC,0.99973
2026-05-15 02:46:11.000 UTC,0.99973
2026-05-15 03:21:11.000 UTC,0.99973
2026-05-15 04:13:59.000 UTC,0.99973
2026-05-15 04:25:23.000 UTC,0.99973
2026-05-15 04:31:11.000 UTC,0.99973
2026-05-15 04:33:23.000 UTC,0.99973
2026-05-15 04:50:47.000 UTC,0.99973
2026-05-15 05:13:11.000 UTC,0.99973
2026-05-15 05:18:47.000 UTC,0.99973
2026-05-15 05:19:23.000 UTC,0.99973
2026-05-15 05:21:47.000 UTC,0.99973
2026-05-15 05:24:23.000 UTC,0.99973
2026-05-15 05:28:11.000 UTC,0.99973
2026-05-15 05:33:35.000 UTC,0.99973
2026-05-15 05:49:23.000 UTC,0.99973
2026-05-15 05:50:23.000 UTC,0.99973
2026-05-15 05:53:59.000 UTC,0.99973
2026-05-15 05:56:47.000 UTC,0.99973
2026-05-15 06:05:23.000 UTC,0.99973
2026-05-15 06:05:47.000 UTC,0.99973
2026-05-15 06:48:47.000 UTC,0.99973
2026-05-15 07:43:35.000 UTC,0.99970016
2026-05-15 07:51:11.000 UTC,0.99970016
2026-05-15 07:56:59.000 UTC,0.99970016
2026-05-15 08:31:23.000 UTC,0.99970386
2026-05-15 08:49:59.000 UTC,0.99970386
2026-05-15 08:50:35.000 UTC,0.99970386
2026-05-15 09:20:11.000 UTC,0.99970386
2026-05-15 09:33:11.000 UTC,0.99970386
2026-05-15 09:40:23.000 UTC,0.99970386
2026-05-15 10:10:35.000 UTC,0.99970386
2026-05-15 10:27:11.000 UTC,0.99970386
2026-05-15 10:36:35.000 UTC,0.99970386
2026-05-15 10:52:23.000 UTC,0.99970386
2026-05-15 10:59:59.000 UTC,0.99970386
2026-05-15 11:04:59.000 UTC,0.99970386
2026-05-15 11:23:11.000 UTC,0.99970386
2026-05-15 11:40:35.000 UTC,0.99970386
2026-05-15 11:43:35.000 UTC,0.99970386
2026-05-15 12:04:35.000 UTC,0.99970386
2026-05-15 12:23:23.000 UTC,0.99970386
2026-05-15 12:38:11.000 UTC,0.99970386
2026-05-15 12:48:11.000 UTC,0.99970386
2026-05-15 13:35:11.000 UTC,0.99970386
2026-05-15 13:39:35.000 UTC,0.99970386
2026-05-15 13:41:11.000 UTC,0.99970386
2026-05-15 14:01:11.000 UTC,0.99970386
2026-05-15 14:32:47.000 UTC,0.99970386
2026-05-15 14:33:35.000 UTC,0.99970386
2026-05-15 14:37:35.000 UTC,0.99970386
2026-05-15 14:46:11.000 UTC,0.99970386
2026-05-15 15:32:59.000 UTC,0.99970386
2026-05-15 15:57:59.000 UTC,0.99970386
2026-05-15 17:00:23.000 UTC,0.99970386
2026-05-15 17:34:47.000 UTC,0.99970386
2026-05-15 17:39:59.000 UTC,0.99970386
2026-05-15 18:30:35.000 UTC,0.99970386
2026-05-15 18:50:23.000 UTC,0.99970386
2026-05-15 19:30:59.000 UTC,0.99970386
2026-05-15 19:53:23.000 UTC,0.99970386
2026-05-15 19:59:23.000 UTC,0.99970386
2026-05-15 20:23:59.000 UTC,0.99970386
2026-05-15 20:25:35.000 UTC,0.99970386
2026-05-15 20:32:59.000 UTC,0.99970386
2026-05-15 20:39:11.000 UTC,0.99970386
2026-05-15 20:42:47.000 UTC,0.99970386
2026-05-15 20:46:23.000 UTC,0.99970386
2026-05-15 20:54:35.000 UTC,0.99970386
2026-05-15 21:43:59.000 UTC,0.99970386
2026-05-15 21:50:59.000 UTC,0.99970386
2026-05-15 22:12:59.000 UTC,0.99970386
2026-05-15 22:38:23.000 UTC,0.99970386
2026-05-15 23:43:47.000 UTC,0.99970386
2026-05-16 00:14:47.000 UTC,0.99970386
2026-05-16 01:45:11.000 UTC,0.99970386
2026-05-16 03:37:23.000 UTC,0.99970386
2026-05-16 03:51:23.000 UTC,0.99970386
2026-05-16 03:54:11.000 UTC,0.99970386
2026-05-16 03:57:23.000 UTC,0.99970386
2026-05-16 04:50:23.000 UTC,0.99970386
2026-05-16 05:08:47.000 UTC,0.99970386
2026-05-16 05:34:35.000 UTC,0.99970386
2026-05-16 05:43:11.000 UTC,0.99970386
2026-05-16 05:56:59.000 UTC,0.99970386
2026-05-16 06:34:59.000 UTC,0.99970386
2026-05-16 07:02:35.000 UTC,0.99975026
2026-05-16 09:01:35.000 UTC,0.99974295
2026-05-16 09:53:47.000 UTC,0.99974295
2026-05-16 10:15:23.000 UTC,0.99974295
2026-05-16 12:21:23.000 UTC,0.99974295
2026-05-16 16:19:35.000 UTC,0.99974295
2026-05-16 16:53:35.000 UTC,0.99974295
2026-05-16 17:27:59.000 UTC,0.99974295
2026-05-16 17:35:35.000 UTC,0.99974295
2026-05-16 17:38:11.000 UTC,0.99974295
2026-05-16 17:49:59.000 UTC,0.99974295
2026-05-16 18:06:11.000 UTC,0.99974295
2026-05-16 18:22:11.000 UTC,0.99974295
2026-05-16 18:30:11.000 UTC,0.99974295
2026-05-16 18:37:59.000 UTC,0.99974295
2026-05-16 18:41:23.000 UTC,0.99974295
2026-05-16 18:56:23.000 UTC,0.99974295
2026-05-16 19:30:35.000 UTC,0.99974295
2026-05-16 19:31:59.000 UTC,0.99974295
2026-05-16 21:16:23.000 UTC,0.99974295
2026-05-16 21:33:47.000 UTC,0.99974295
2026-05-16 21:47:59.000 UTC,0.99974295
2026-05-16 22:01:35.000 UTC,0.99974295
2026-05-16 22:25:47.000 UTC,0.99974295
2026-05-16 22:26:23.000 UTC,0.99974295
2026-05-16 22:51:47.000 UTC,0.99974295
2026-05-17 00:14:11.000 UTC,0.99974295
2026-05-17 00:25:47.000 UTC,0.99974295
2026-05-17 00:41:35.000 UTC,0.99974295
2026-05-17 01:31:23.000 UTC,0.99974295
2026-05-17 01:51:59.000 UTC,0.99974295
2026-05-17 02:55:23.000 UTC,0.99974295
2026-05-17 03:05:47.000 UTC,0.99974295
2026-05-17 03:06:59.000 UTC,0.99974295
2026-05-17 03:27:47.000 UTC,0.99974295
2026-05-17 05:12:35.000 UTC,0.99974295
2026-05-17 05:22:23.000 UTC,0.99974295
2026-05-17 05:38:47.000 UTC,0.99974295
2026-05-17 06:32:11.000 UTC,0.99974295
2026-05-17 06:50:11.000 UTC,0.99974295
2026-05-17 08:19:23.000 UTC,0.9998
2026-05-17 09:31:23.000 UTC,0.9998
2026-05-17 09:39:47.000 UTC,0.9998
2026-05-17 09:40:35.000 UTC,0.9998
2026-05-17 10:05:47.000 UTC,0.9998
2026-05-17 11:07:11.000 UTC,0.9998
2026-05-17 11:15:59.000 UTC,0.9998
2026-05-17 12:00:11.000 UTC,0.9998
2026-05-17 12:03:35.000 UTC,0.9998
2026-05-17 12:40:47.000 UTC,0.9998
2026-05-17 13:23:47.000 UTC,0.9998
2026-05-17 16:15:35.000 UTC,0.9998
2026-05-17 16:24:35.000 UTC,0.9998
2026-05-17 16:46:47.000 UTC,0.9998
2026-05-17 16:47:47.000 UTC,0.9998
2026-05-17 16:48:47.000 UTC,0.9998
2026-05-17 18:05:59.000 UTC,0.9998
2026-05-17 18:30:59.000 UTC,0.9998
2026-05-17 18:51:47.000 UTC,0.9998
2026-05-17 19:11:35.000 UTC,0.9998
2026-05-17 19:12:11.000 UTC,0.9998
2026-05-17 19:17:11.000 UTC,0.9998
2026-05-17 19:22:35.000 UTC,0.9998
2026-05-17 19:23:47.000 UTC,0.9998
2026-05-17 19:30:23.000 UTC,0.9998
2026-05-17 19:36:23.000 UTC,0.9998
2026-05-17 19:51:59.000 UTC,0.9998
2026-05-17 20:09:23.000 UTC,0.9998
2026-05-17 20:48:11.000 UTC,0.9998
2026-05-17 21:05:59.000 UTC,0.9998
2026-05-17 21:46:23.000 UTC,0.9998
2026-05-17 22:20:23.000 UTC,0.9998
2026-05-17 22:33:47.000 UTC,0.9998
2026-05-17 23:44:35.000 UTC,0.9998
2026-05-18 00:28:11.000 UTC,0.9998
2026-05-18 00:29:23.000 UTC,0.9998
2026-05-18 00:40:47.000 UTC,0.9998
2026-05-18 00:41:35.000 UTC,0.9998
2026-05-18 00:48:11.000 UTC,0.9998
2026-05-18 01:04:11.000 UTC,0.9998
2026-05-18 03:18:47.000 UTC,0.9998
2026-05-18 03:55:23.000 UTC,0.9998
2026-05-18 03:57:59.000 UTC,0.9998
2026-05-18 05:32:59.000 UTC,0.9998
2026-05-18 06:09:23.000 UTC,0.9998
2026-05-18 06:09:59.000 UTC,0.9998
2026-05-18 06:34:59.000 UTC,0.9998
2026-05-18 06:36:23.000 UTC,0.9998
2026-05-18 06:37:59.000 UTC,0.9998
2026-05-18 06:40:23.000 UTC,0.9998
2026-05-18 07:06:11.000 UTC,0.99969055
2026-05-18 07:56:11.000 UTC,0.99969055
2026-05-18 08:35:23.000 UTC,0.99972047
2026-05-18 08:40:23.000 UTC,0.99972047
2026-05-18 09:45:35.000 UTC,0.99972047
2026-05-18 09:56:59.000 UTC,0.99972047
2026-05-18 10:01:35.000 UTC,0.99972047
2026-05-18 10:49:47.000 UTC,0.99972047
2026-05-18 10:56:47.000 UTC,0.99972047
2026-05-18 10:58:35.000 UTC,0.99972047
2026-05-18 11:01:23.000 UTC,0.99972047
2026-05-18 11:07:59.000 UTC,0.99972047
2026-05-18 11:12:59.000 UTC,0.99972047
2026-05-18 11:59:23.000 UTC,0.99972047
2026-05-18 12:10:11.000 UTC,0.99972047
2026-05-18 12:17:23.000 UTC,0.99972047
2026-05-18 12:25:35.000 UTC,0.99972047
2026-05-18 12:34:23.000 UTC,0.99972047
2026-05-18 12:35:47.000 UTC,0.99972047
2026-05-18 13:38:59.000 UTC,0.99972047
2026-05-18 13:40:47.000 UTC,0.99972047
2026-05-18 14:37:35.000 UTC,0.99972047
2026-05-18 14:38:59.000 UTC,0.99972047
2026-05-18 14:40:23.000 UTC,0.99972047
2026-05-18 14:42:59.000 UTC,0.99972047
2026-05-18 14:45:47.000 UTC,0.99972047
2026-05-18 15:21:11.000 UTC,0.99972047
2026-05-18 15:22:23.000 UTC,0.99972047
2026-05-18 15:23:35.000 UTC,0.99972047
2026-05-18 15:41:35.000 UTC,0.99972047
2026-05-18 16:36:59.000 UTC,0.99972047
2026-05-18 16:42:59.000 UTC,0.99972047
2026-05-18 16:48:59.000 UTC,0.99972047
2026-05-18 16:54:23.000 UTC,0.99972047
2026-05-18 17:24:11.000 UTC,0.99972047
2026-05-18 17:36:47.000 UTC,0.99972047
2026-05-18 17:49:47.000 UTC,0.99972047
2026-05-18 17:52:59.000 UTC,0.99972047
2026-05-18 18:26:23.000 UTC,0.99972047
2026-05-18 18:30:11.000 UTC,0.99972047
2026-05-18 18:38:59.000 UTC,0.99972047
2026-05-18 18:42:11.000 UTC,0.99972047
2026-05-18 18:44:59.000 UTC,0.99972047
2026-05-18 18:46:59.000 UTC,0.99972047
2026-05-18 18:52:59.000 UTC,0.99972047
2026-05-18 18:54:59.000 UTC,0.99972047
2026-05-18 18:58:11.000 UTC,0.99972047
2026-05-18 18:58:59.000 UTC,0.99972047
2026-05-18 19:00:23.000 UTC,0.99972047
2026-05-18 19:01:35.000 UTC,0.99972047
2026-05-18 19:03:23.000 UTC,0.99972047
2026-05-18 19:04:47.000 UTC,0.99972047
2026-05-18 19:27:35.000 UTC,0.99972047
2026-05-18 19:28:47.000 UTC,0.99972047
2026-05-18 19:30:11.000 UTC,0.99972047
2026-05-18 19:35:35.000 UTC,0.99972047
2026-05-18 19:42:11.000 UTC,0.99972047
2026-05-18 19:47:11.000 UTC,0.99972047
2026-05-18 19:57:59.000 UTC,0.99972047
2026-05-18 19:59:11.000 UTC,0.99972047
2026-05-18 20:23:47.000 UTC,0.99972047
2026-05-18 20:42:59.000 UTC,0.99972047
2026-05-18 21:16:23.000 UTC,0.99972047
2026-05-18 21:29:11.000 UTC,0.99972047
2026-05-18 21:30:11.000 UTC,0.99972047
2026-05-18 21:49:59.000 UTC,0.99972047
2026-05-18 22:01:35.000 UTC,0.99972047
2026-05-18 22:03:11.000 UTC,0.99972047
2026-05-18 22:04:47.000 UTC,0.99972047
2026-05-18 22:27:23.000 UTC,0.99972047
2026-05-18 22:28:11.000 UTC,0.99972047
2026-05-18 22:31:23.000 UTC,0.99972047
2026-05-18 22:41:11.000 UTC,0.99972047
2026-05-18 23:32:47.000 UTC,0.99972047
2026-05-19 00:13:35.000 UTC,0.99972047
2026-05-19 00:17:11.000 UTC,0.99972047
2026-05-19 01:05:47.000 UTC,0.99972047
2026-05-19 01:07:23.000 UTC,0.99972047
2026-05-19 01:19:59.000 UTC,0.99972047
2026-05-19 02:13:11.000 UTC,0.99972047
2026-05-19 02:25:59.000 UTC,0.99972047
2026-05-19 02:45:59.000 UTC,0.99972047
2026-05-19 02:48:23.000 UTC,0.99972047
2026-05-19 03:13:11.000 UTC,0.99972047
2026-05-19 03:47:59.000 UTC,0.99972047
2026-05-19 03:48:11.000 UTC,0.99972047
2026-05-19 04:12:59.000 UTC,0.99972047
2026-05-19 04:31:35.000 UTC,0.99972047
2026-05-19 04:49:47.000 UTC,0.99972047
2026-05-19 05:05:35.000 UTC,0.99972047
2026-05-19 06:05:35.000 UTC,0.99972047
2026-05-19 06:08:11.000 UTC,0.99972047
2026-05-19 06:12:59.000 UTC,0.99972047
2026-05-19 06:30:35.000 UTC,0.99972047
2026-05-19 06:32:23.000 UTC,0.99972047
2026-05-19 06:34:11.000 UTC,0.99972047
2026-05-19 06:35:47.000 UTC,0.99972047
2026-05-19 06:35:59.000 UTC,0.99972047
2026-05-19 06:38:35.000 UTC,0.99972047
2026-05-19 06:41:11.000 UTC,0.99972047
2026-05-19 06:42:23.000 UTC,0.99972047
2026-05-19 06:55:47.000 UTC,0.99972047
2026-05-19 07:37:11.000 UTC,0.99972114
2026-05-19 07:37:59.000 UTC,0.99972114
2026-05-19 08:07:59.000 UTC,0.9997
2026-05-19 08:21:11.000 UTC,0.9997
2026-05-19 08:27:59.000 UTC,0.9997
2026-05-19 08:55:11.000 UTC,0.9997
2026-05-19 09:05:47.000 UTC,0.9997
2026-05-19 09:10:11.000 UTC,0.9997
2026-05-19 09:48:11.000 UTC,0.9997
2026-05-19 10:03:23.000 UTC,0.9997
2026-05-19 10:17:59.000 UTC,0.9997
2026-05-19 10:31:23.000 UTC,0.9997
2026-05-19 10:31:47.000 UTC,0.9997
2026-05-19 10:43:59.000 UTC,0.9997
2026-05-19 10:45:23.000 UTC,0.9997
2026-05-19 10:47:11.000 UTC,0.9997
2026-05-19 10:49:47.000 UTC,0.9997
2026-05-19 10:50:47.000 UTC,0.9997
2026-05-19 10:51:59.000 UTC,0.9997
2026-05-19 10:57:35.000 UTC,0.9997
2026-05-19 11:15:59.000 UTC,0.9997
2026-05-19 11:41:59.000 UTC,0.9997
2026-05-19 12:06:35.000 UTC,0.9997
2026-05-19 12:06:47.000 UTC,0.9997
2026-05-19 12:16:11.000 UTC,0.9997
2026-05-19 12:22:59.000 UTC,0.9997
2026-05-19 12:32:47.000 UTC,0.9997
2026-05-19 12:44:23.000 UTC,0.9997
2026-05-19 12:57:47.000 UTC,0.9997
2026-05-19 13:10:35.000 UTC,0.9997
2026-05-19 13:14:23.000 UTC,0.9997
2026-05-19 13:20:47.000 UTC,0.9997
2026-05-19 13:23:11.000 UTC,0.9997
2026-05-19 13:25:35.000 UTC,0.9997
2026-05-19 13:41:11.000 UTC,0.9997
2026-05-19 13:49:47.000 UTC,0.9997
2026-05-19 13:58:23.000 UTC,0.9997
2026-05-19 14:12:59.000 UTC,0.9997
2026-05-19 14:13:11.000 UTC,0.9997
2026-05-19 14:25:35.000 UTC,0.9997
2026-05-19 14:29:35.000 UTC,0.9997
2026-05-19 14:40:59.000 UTC,0.9997
2026-05-19 14:44:23.000 UTC,0.9997
2026-05-19 14:56:35.000 UTC,0.9997
2026-05-19 15:10:35.000 UTC,0.9997
2026-05-19 15:12:47.000 UTC,0.9997
2026-05-19 15:22:59.000 UTC,0.9997
2026-05-19 15:36:11.000 UTC,0.9997
2026-05-19 15:37:11.000 UTC,0.9997
2026-05-19 15:42:59.000 UTC,0.9997
2026-05-19 15:58:11.000 UTC,0.9997
2026-05-19 16:00:23.000 UTC,0.9997
2026-05-19 16:02:59.000 UTC,0.9997
2026-05-19 16:10:47.000 UTC,0.9997
2026-05-19 16:12:59.000 UTC,0.9997
2026-05-19 16:18:47.000 UTC,0.9997
2026-05-19 16:31:11.000 UTC,0.9997
2026-05-19 16:35:23.000 UTC,0.9997
2026-05-19 16:53:11.000 UTC,0.9997
2026-05-19 17:05:59.000 UTC,0.9997
2026-05-19 17:12:59.000 UTC,0.9997
2026-05-19 17:24:23.000 UTC,0.9997
2026-05-19 17:35:47.000 UTC,0.9997
2026-05-19 17:49:23.000 UTC,0.9997
2026-05-19 18:10:47.000 UTC,0.9997
2026-05-19 18:12:59.000 UTC,0.9997
2026-05-19 18:30:11.000 UTC,0.9997
2026-05-19 18:40:47.000 UTC,0.9997
2026-05-19 18:46:23.000 UTC,0.9997
2026-05-19 18:46:35.000 UTC,0.9997
2026-05-19 18:47:35.000 UTC,0.9997
2026-05-19 19:02:23.000 UTC,0.9997
2026-05-19 19:10:35.000 UTC,0.9997
2026-05-19 19:13:23.000 UTC,0.9997
2026-05-19 19:15:47.000 UTC,0.9997
2026-05-19 19:25:47.000 UTC,0.9997
2026-05-19 19:28:23.000 UTC,0.9997
2026-05-19 19:30:11.000 UTC,0.9997
2026-05-19 19:46:47.000 UTC,0.9997
2026-05-19 20:05:35.000 UTC,0.9997
2026-05-19 20:10:11.000 UTC,0.9997
2026-05-19 20:12:59.000 UTC,0.9997
2026-05-19 20:22:47.000 UTC,0.9997
2026-05-19 20:54:11.000 UTC,0.9997
2026-05-19 20:56:23.000 UTC,0.9997
2026-05-19 20:57:59.000 UTC,0.9997
2026-05-19 21:10:23.000 UTC,0.9997
2026-05-19 21:23:47.000 UTC,0.9997
2026-05-19 21:26:59.000 UTC,0.9997
2026-05-19 21:41:23.000 UTC,0.9997
2026-05-19 22:07:47.000 UTC,0.9997
2026-05-19 22:47:47.000 UTC,0.9997
2026-05-19 22:55:59.000 UTC,0.9997
2026-05-19 23:01:59.000 UTC,0.9997
2026-05-19 23:10:35.000 UTC,0.9997
2026-05-19 23:13:47.000 UTC,0.9997
2026-05-19 23:14:47.000 UTC,0.9997
2026-05-19 23:28:11.000 UTC,0.9997
2026-05-19 23:52:11.000 UTC,0.9997
2026-05-20 00:33:11.000 UTC,0.9997
2026-05-20 00:43:47.000 UTC,0.9997
2026-05-20 01:10:47.000 UTC,0.9997
2026-05-20 01:21:35.000 UTC,0.9997
2026-05-20 01:45:23.000 UTC,0.9997
2026-05-20 02:04:11.000 UTC,0.9997
2026-05-20 02:10:35.000 UTC,0.9997
2026-05-20 02:18:47.000 UTC,0.9997
2026-05-20 03:10:23.000 UTC,0.9997
2026-05-20 03:44:11.000 UTC,0.9997
2026-05-20 04:22:11.000 UTC,0.9997
2026-05-20 04:35:47.000 UTC,0.9997
2026-05-20 04:39:47.000 UTC,0.9997
2026-05-20 05:05:35.000 UTC,0.9997
2026-05-20 05:30:35.000 UTC,0.9997
2026-05-20 06:03:35.000 UTC,0.9997
2026-05-20 06:05:47.000 UTC,0.9997
2026-05-20 06:07:59.000 UTC,0.9997
2026-05-20 06:09:23.000 UTC,0.9997
2026-05-20 06:27:35.000 UTC,0.9997
2026-05-20 06:34:11.000 UTC,0.9997
2026-05-20 07:03:11.000 UTC,0.99969
2026-05-20 07:19:11.000 UTC,0.99969
2026-05-20 07:42:59.000 UTC,0.99969
2026-05-20 07:45:47.000 UTC,0.99969
2026-05-20 07:49:35.000 UTC,0.99969
2026-05-20 08:02:11.000 UTC,0.99968251
2026-05-20 08:10:35.000 UTC,0.99968251
2026-05-20 08:27:11.000 UTC,0.99968251
2026-05-20 08:28:23.000 UTC,0.99968251
2026-05-20 08:29:23.000 UTC,0.99968251
2026-05-20 08:29:35.000 UTC,0.99968251
2026-05-20 08:30:47.000 UTC,0.99968251
2026-05-20 08:31:35.000 UTC,0.99968251
2026-05-20 08:49:11.000 UTC,0.99968251
2026-05-20 08:52:11.000 UTC,0.99968251
2026-05-20 09:02:59.000 UTC,0.99968251
2026-05-20 09:12:59.000 UTC,0.99968251
2026-05-20 09:36:23.000 UTC,0.99968251
2026-05-20 10:03:11.000 UTC,0.99968251
2026-05-20 10:04:59.000 UTC,0.99968251
2026-05-20 10:10:35.000 UTC,0.99968251
2026-05-20 10:20:23.000 UTC,0.99968251
2026-05-20 10:22:59.000 UTC,0.99968251
2026-05-20 10:25:35.000 UTC,0.99968251
2026-05-20 10:53:47.000 UTC,0.99968251
2026-05-20 10:58:11.000 UTC,0.99968251
2026-05-20 11:12:59.000 UTC,0.99968251
2026-05-20 11:16:23.000 UTC,0.99968251
2026-05-20 11:17:59.000 UTC,0.99968251
2026-05-20 11:19:35.000 UTC,0.99968251
2026-05-20 11:23:11.000 UTC,0.99968251
2026-05-20 11:47:59.000 UTC,0.99968251
2026-05-20 12:04:47.000 UTC,0.99968251
2026-05-20 12:17:59.000 UTC,0.99968251
2026-05-20 12:29:59.000 UTC,0.99968251
2026-05-20 12:33:35.000 UTC,0.99968251
2026-05-20 12:38:59.000 UTC,0.99968251
2026-05-20 12:43:47.000 UTC,0.99968251
2026-05-20 13:04:47.000 UTC,0.99968251
2026-05-20 13:17:59.000 UTC,0.99968251
2026-05-20 13:47:59.000 UTC,0.99968251
2026-05-20 13:56:47.000 UTC,0.99968251
2026-05-20 14:10:47.000 UTC,0.99968251
2026-05-20 14:17:59.000 UTC,0.99968251
2026-05-20 14:29:35.000 UTC,0.99968251
2026-05-20 14:30:59.000 UTC,0.99968251
2026-05-20 14:42:23.000 UTC,0.99968251
2026-05-20 14:45:59.000 UTC,0.99968251
2026-05-20 14:48:23.000 UTC,0.99968251
2026-05-20 15:17:47.000 UTC,0.99968251
2026-05-20 15:17:59.000 UTC,0.99968251
2026-05-20 15:18:59.000 UTC,0.99968251
2026-05-20 15:19:59.000 UTC,0.99968251
2026-05-20 15:44:59.000 UTC,0.99968251
2026-05-20 15:45:35.000 UTC,0.99968251
2026-05-20 15:48:23.000 UTC,0.99968251
2026-05-20 15:53:59.000 UTC,0.99968251
2026-05-20 15:54:35.000 UTC,0.99968251
2026-05-20 16:00:11.000 UTC,0.99968251
2026-05-20 16:17:23.000 UTC,0.99968251
2026-05-20 16:17:47.000 UTC,0.99968251
2026-05-20 16:27:59.000 UTC,0.99968251
2026-05-20 16:47:59.000 UTC,0.99968251
2026-05-20 17:10:47.000 UTC,0.99968251
2026-05-20 17:18:11.000 UTC,0.99968251
2026-05-20 17:39:35.000 UTC,0.99968251
2026-05-20 17:40:47.000 UTC,0.99968251
2026-05-20 17:47:59.000 UTC,0.99968251
2026-05-20 17:52:23.000 UTC,0.99968251
2026-05-20 17:53:47.000 UTC,0.99968251
2026-05-20 18:10:59.000 UTC,0.99968251
2026-05-20 18:17:59.000 UTC,0.99968251
2026-05-20 18:31:35.000 UTC,0.99968251
2026-05-20 18:37:11.000 UTC,0.99968251
2026-05-20 18:50:35.000 UTC,0.99968251
2026-05-20 18:55:47.000 UTC,0.99968251
2026-05-20 19:00:11.000 UTC,0.99968251
2026-05-20 19:05:11.000 UTC,0.99968251
2026-05-20 19:10:23.000 UTC,0.99968251
2026-05-20 19:30:11.000 UTC,0.99968251
2026-05-20 19:35:35.000 UTC,0.99968251
2026-05-20 20:40:47.000 UTC,0.99968251
2026-05-20 20:52:59.000 UTC,0.99968251
2026-05-20 21:39:11.000 UTC,0.99968251
2026-05-20 21:40:47.000 UTC,0.99968251
2026-05-20 21:52:59.000 UTC,0.99968251
2026-05-20 22:00:35.000 UTC,0.99968251
2026-05-20 22:10:11.000 UTC,0.99968251
2026-05-20 22:21:59.000 UTC,0.99968251
2026-05-20 22:28:23.000 UTC,0.99968251
2026-05-20 23:25:35.000 UTC,0.99968251
2026-05-20 23:31:23.000 UTC,0.99968251
2026-05-20 23:45:35.000 UTC,0.99968251
2026-05-21 00:09:35.000 UTC,0.99968251
2026-05-21 00:37:11.000 UTC,0.99968251
2026-05-21 01:05:47.000 UTC,0.99968251
2026-05-21 01:39:59.000 UTC,0.99968251
2026-05-21 02:09:11.000 UTC,0.99968251
2026-05-21 02:40:35.000 UTC,0.99968251
2026-05-21 03:35:59.000 UTC,0.99968251
2026-05-21 04:51:35.000 UTC,0.99968251
2026-05-21 05:08:23.000 UTC,0.99968251
2026-05-21 05:40:35.000 UTC,0.99968251
2026-05-21 05:57:11.000 UTC,0.99968251
2026-05-21 06:28:47.000 UTC,0.99968251
2026-05-21 06:40:35.000 UTC,0.99968251
2026-05-21 06:47:59.000 UTC,0.99968251
2026-05-21 07:36:35.000 UTC,0.99961654
2026-05-21 07:39:35.000 UTC,0.99961654
2026-05-21 07:41:23.000 UTC,0.99961654
2026-05-21 07:42:23.000 UTC,0.99961654
2026-05-21 07:53:23.000 UTC,0.99961654
2026-05-21 07:53:35.000 UTC,0.99961654
2026-05-21 08:04:11.000 UTC,0.99964889
2026-05-21 08:25:35.000 UTC,0.99964889
2026-05-21 08:30:35.000 UTC,0.99964889
2026-05-21 08:35:59.000 UTC,0.99964889
2026-05-21 08:37:59.000 UTC,0.99964889
2026-05-21 09:24:23.000 UTC,0.99964889
2026-05-21 10:06:11.000 UTC,0.99964889
2026-05-21 10:11:35.000 UTC,0.99964889
2026-05-21 10:24:47.000 UTC,0.99964889
2026-05-21 10:59:23.000 UTC,0.99964889
2026-05-21 11:12:47.000 UTC,0.99964889
2026-05-21 11:15:11.000 UTC,0.99964889
2026-05-21 11:18:35.000 UTC,0.99964889
2026-05-21 11:41:59.000 UTC,0.99964889
2026-05-21 11:42:23.000 UTC,0.99964889
2026-05-21 11:46:23.000 UTC,0.99964889
2026-05-21 11:57:11.000 UTC,0.99964889
2026-05-21 11:59:35.000 UTC,0.99964889
2026-05-21 12:00:47.000 UTC,0.99964889
2026-05-21 12:04:11.000 UTC,0.99964889
2026-05-21 12:48:47.000 UTC,0.99964889
2026-05-21 12:53:47.000 UTC,0.99964889
2026-05-21 14:46:23.000 UTC,0.99964889
2026-05-21 15:30:47.000 UTC,0.99964889
2026-05-21 15:34:59.000 UTC,0.99964889
2026-05-21 15:39:35.000 UTC,0.99964889
2026-05-21 15:48:47.000 UTC,0.99964889
2026-05-21 15:52:23.000 UTC,0.99964889
2026-05-21 15:56:35.000 UTC,0.99964889
2026-05-21 16:06:11.000 UTC,0.99964889
2026-05-21 16:24:35.000 UTC,0.99964889
2026-05-21 16:27:47.000 UTC,0.99964889
2026-05-21 16:30:59.000 UTC,0.99964889
2026-05-21 16:33:35.000 UTC,0.99964889
2026-05-21 16:35:11.000 UTC,0.99964889
2026-05-21 16:37:23.000 UTC,0.99964889
2026-05-21 16:42:47.000 UTC,0.99964889
2026-05-21 17:50:35.000 UTC,0.99964889
2026-05-21 18:29:11.000 UTC,0.99964889
2026-05-21 18:30:23.000 UTC,0.99964889
2026-05-21 18:44:23.000 UTC,0.99964889
2026-05-21 18:58:59.000 UTC,0.99964889
2026-05-21 19:10:35.000 UTC,0.99964889
2026-05-21 19:30:23.000 UTC,0.99964889
2026-05-21 19:35:23.000 UTC,0.99964889
2026-05-21 20:27:35.000 UTC,0.99964889
2026-05-21 20:30:11.000 UTC,0.99964889
2026-05-21 20:33:11.000 UTC,0.99964889
2026-05-21 20:46:11.000 UTC,0.99964889
2026-05-21 21:18:11.000 UTC,0.99964889
2026-05-21 21:28:35.000 UTC,0.99964889
2026-05-21 21:58:47.000 UTC,0.99964889
2026-05-21 22:40:59.000 UTC,0.99964889
2026-05-21 22:43:59.000 UTC,0.99964889
2026-05-21 23:03:47.000 UTC,0.99964889
2026-05-22 00:01:23.000 UTC,0.99964889
2026-05-22 00:06:23.000 UTC,0.99964889
2026-05-22 00:06:47.000 UTC,0.99964889
2026-05-22 00:25:47.000 UTC,0.99964889
2026-05-22 00:30:47.000 UTC,0.99964889
2026-05-22 01:10:47.000 UTC,0.99964889
2026-05-22 01:24:23.000 UTC,0.99964889
2026-05-22 02:00:59.000 UTC,0.99964889
2026-05-22 02:12:23.000 UTC,0.99964889
2026-05-22 02:14:23.000 UTC,0.99964889
2026-05-22 03:09:35.000 UTC,0.99964889
2026-05-22 03:35:35.000 UTC,0.99964889
2026-05-22 04:16:59.000 UTC,0.99964889
2026-05-22 04:48:11.000 UTC,0.99964889
2026-05-22 05:39:35.000 UTC,0.99964889
2026-05-22 05:47:59.000 UTC,0.99964889
2026-05-22 06:31:47.000 UTC,0.99964889
2026-05-22 06:36:35.000 UTC,0.99964889
2026-05-22 06:38:11.000 UTC,0.99964889
2026-05-22 08:18:59.000 UTC,0.99967
2026-05-22 08:25:47.000 UTC,0.99967
2026-05-22 08:27:35.000 UTC,0.99967
2026-05-22 08:31:59.000 UTC,0.99967
2026-05-22 08:43:35.000 UTC,0.99967
2026-05-22 08:53:59.000 UTC,0.99967
2026-05-22 09:08:47.000 UTC,0.99967
2026-05-22 09:42:47.000 UTC,0.99967
2026-05-22 09:57:35.000 UTC,0.99967
2026-05-22 11:45:47.000 UTC,0.99967
2026-05-22 11:48:11.000 UTC,0.99967
2026-05-22 11:50:11.000 UTC,0.99967
2026-05-22 11:52:23.000 UTC,0.99967
2026-05-22 11:53:23.000 UTC,0.99967
2026-05-22 12:16:47.000 UTC,0.99967
2026-05-22 12:28:11.000 UTC,0.99967
2026-05-22 12:34:11.000 UTC,0.99967
2026-05-22 13:24:35.000 UTC,0.99967
2026-05-22 13:26:47.000 UTC,0.99967
2026-05-22 13:30:23.000 UTC,0.99967
2026-05-22 13:31:23.000 UTC,0.99967
2026-05-22 13:48:47.000 UTC,0.99967
2026-05-22 14:23:47.000 UTC,0.99967
2026-05-22 15:55:35.000 UTC,0.99967
2026-05-22 15:56:47.000 UTC,0.99967
2026-05-22 16:10:23.000 UTC,0.99967
2026-05-22 16:11:11.000 UTC,0.99967
2026-05-22 16:16:47.000 UTC,0.99967
2026-05-22 16:20:11.000 UTC,0.99967
2026-05-22 16:27:11.000 UTC,0.99967
2026-05-22 16:47:11.000 UTC,0.99967
2026-05-22 16:49:23.000 UTC,0.99967
2026-05-22 17:00:35.000 UTC,0.99967
2026-05-22 17:10:35.000 UTC,0.99967
2026-05-22 17:38:11.000 UTC,0.99967
2026-05-22 17:46:23.000 UTC,0.99967
2026-05-22 17:56:23.000 UTC,0.99967
2026-05-22 18:14:11.000 UTC,0.99967
2026-05-22 18:30:11.000 UTC,0.99967
2026-05-22 18:47:11.000 UTC,0.99967
2026-05-22 19:22:47.000 UTC,0.99967
2026-05-22 19:31:23.000 UTC,0.99967
2026-05-22 19:41:47.000 UTC,0.99967
2026-05-22 19:42:23.000 UTC,0.99967
2026-05-22 20:29:23.000 UTC,0.99967
2026-05-22 20:35:59.000 UTC,0.99967
2026-05-22 20:42:11.000 UTC,0.99967
2026-05-22 20:49:59.000 UTC,0.99967
2026-05-22 20:50:23.000 UTC,0.99967
2026-05-22 21:16:59.000 UTC,0.99967
2026-05-22 21:31:23.000 UTC,0.99967
2026-05-22 21:32:11.000 UTC,0.99967
2026-05-22 21:54:11.000 UTC,0.99967
2026-05-22 21:59:11.000 UTC,0.99967
2026-05-22 22:04:23.000 UTC,0.99967
2026-05-22 22:11:11.000 UTC,0.99967
2026-05-22 22:26:47.000 UTC,0.99967
2026-05-22 22:27:11.000 UTC,0.99967
2026-05-22 22:32:35.000 UTC,0.99967
2026-05-22 22:50:59.000 UTC,0.99967
2026-05-22 22:52:59.000 UTC,0.99967
2026-05-22 23:03:35.000 UTC,0.99967
2026-05-22 23:53:59.000 UTC,0.99967
2026-05-23 00:07:47.000 UTC,0.99967
2026-05-23 00:22:59.000 UTC,0.99967
2026-05-23 00:31:23.000 UTC,0.99967
2026-05-23 00:37:47.000 UTC,0.99967
2026-05-23 00:59:23.000 UTC,0.99967
2026-05-23 01:28:59.000 UTC,0.99967
2026-05-23 01:41:47.000 UTC,0.99967
2026-05-23 01:45:59.000 UTC,0.99967
2026-05-23 01:55:47.000 UTC,0.99967
2026-05-23 02:15:11.000 UTC,0.99967
2026-05-23 02:45:47.000 UTC,0.99967
2026-05-23 02:50:11.000 UTC,0.99967
2026-05-23 03:56:23.000 UTC,0.99967
2026-05-23 06:00:23.000 UTC,0.99967
2026-05-23 06:14:59.000 UTC,0.99967
2026-05-23 06:18:35.000 UTC,0.99967
2026-05-23 06:18:47.000 UTC,0.99967
2026-05-23 06:49:35.000 UTC,0.99967
2026-05-23 07:03:23.000 UTC,0.99959723
2026-05-23 07:47:23.000 UTC,0.99959723
2026-05-23 07:51:35.000 UTC,0.99959723
2026-05-23 07:51:47.000 UTC,0.99959723
2026-05-23 08:25:11.000 UTC,0.99969
2026-05-23 08:52:35.000 UTC,0.99969
2026-05-23 09:09:11.000 UTC,0.99969
2026-05-23 09:23:47.000 UTC,0.99969
2026-05-23 09:30:47.000 UTC,0.99969
2026-05-23 09:33:59.000 UTC,0.99969
2026-05-23 10:26:47.000 UTC,0.99969
2026-05-23 10:53:23.000 UTC,0.99969
2026-05-23 11:24:59.000 UTC,0.99969
2026-05-23 11:49:23.000 UTC,0.99969
2026-05-23 12:46:35.000 UTC,0.99969
2026-05-23 13:24:11.000 UTC,0.99969
2026-05-23 13:26:47.000 UTC,0.99969
2026-05-23 13:44:59.000 UTC,0.99969
2026-05-23 13:46:11.000 UTC,0.99969
2026-05-23 13:52:35.000 UTC,0.99969
2026-05-23 13:53:59.000 UTC,0.99969
2026-05-23 14:05:23.000 UTC,0.99969
2026-05-23 14:06:23.000 UTC,0.99969
2026-05-23 14:08:59.000 UTC,0.99969
2026-05-23 15:55:59.000 UTC,0.99969
2026-05-23 16:10:35.000 UTC,0.99969
2026-05-23 16:13:59.000 UTC,0.99969
2026-05-23 16:25:11.000 UTC,0.99969
2026-05-23 16:27:23.000 UTC,0.99969
2026-05-23 17:15:47.000 UTC,0.99969
2026-05-23 17:20:23.000 UTC,0.99969
2026-05-23 17:30:23.000 UTC,0.99969
2026-05-23 18:08:11.000 UTC,0.99969
2026-05-23 18:30:59.000 UTC,0.99969
2026-05-23 18:38:59.000 UTC,0.99969
2026-05-23 18:58:23.000 UTC,0.99969
2026-05-23 19:30:23.000 UTC,0.99969
2026-05-23 19:47:59.000 UTC,0.99969
2026-05-23 20:09:47.000 UTC,0.99969
2026-05-23 20:45:47.000 UTC,0.99969
2026-05-23 21:20:11.000 UTC,0.99969
2026-05-23 22:34:47.000 UTC,0.99969
2026-05-23 22:52:11.000 UTC,0.99969
2026-05-23 23:10:23.000 UTC,0.99969
2026-05-23 23:11:35.000 UTC,0.99969
2026-05-23 23:14:11.000 UTC,0.99969
2026-05-23 23:35:11.000 UTC,0.99969
2026-05-24 00:05:35.000 UTC,0.99969
2026-05-24 00:10:47.000 UTC,0.99969
2026-05-24 00:30:23.000 UTC,0.99969
2026-05-24 00:47:11.000 UTC,0.99969
2026-05-24 01:01:35.000 UTC,0.99969
2026-05-24 01:50:59.000 UTC,0.99969
2026-05-24 01:51:23.000 UTC,0.99969
2026-05-24 02:03:47.000 UTC,0.99969
2026-05-24 02:37:11.000 UTC,0.99969
2026-05-24 02:50:35.000 UTC,0.99969
2026-05-24 03:44:59.000 UTC,0.99969
2026-05-24 03:58:35.000 UTC,0.99969
2026-05-24 04:28:11.000 UTC,0.99969
2026-05-24 04:35:47.000 UTC,0.99969
2026-05-24 04:40:35.000 UTC,0.99969
2026-05-24 05:10:47.000 UTC,0.99969
2026-05-24 05:51:59.000 UTC,0.99969
2026-05-24 06:00:11.000 UTC,0.99969
2026-05-24 06:11:11.000 UTC,0.99969
2026-05-24 06:11:35.000 UTC,0.99969
2026-05-24 06:26:35.000 UTC,0.99969
2026-05-24 07:14:23.000 UTC,0.99968457
2026-05-24 08:39:23.000 UTC,0.99972
2026-05-24 09:18:35.000 UTC,0.99972
2026-05-24 10:50:23.000 UTC,0.99972
2026-05-24 11:08:47.000 UTC,0.99972
2026-05-24 11:54:23.000 UTC,0.99972
2026-05-24 11:57:23.000 UTC,0.99972
2026-05-24 12:00:23.000 UTC,0.99972
2026-05-24 12:00:47.000 UTC,0.99972
2026-05-24 12:19:59.000 UTC,0.99972
2026-05-24 12:53:35.000 UTC,0.99972
2026-05-24 13:16:23.000 UTC,0.99972
2026-05-24 13:28:35.000 UTC,0.99972
2026-05-24 13:56:23.000 UTC,0.99972
2026-05-24 14:18:59.000 UTC,0.99972
2026-05-24 14:19:59.000 UTC,0.99972
2026-05-24 14:27:59.000 UTC,0.99972
2026-05-24 14:47:59.000 UTC,0.99972
2026-05-24 14:49:11.000 UTC,0.99972
2026-05-24 15:17:59.000 UTC,0.99972
2026-05-24 15:47:59.000 UTC,0.99972
2026-05-24 15:53:23.000 UTC,0.99972
2026-05-24 17:41:11.000 UTC,0.99972
2026-05-24 17:44:23.000 UTC,0.99972
2026-05-24 17:59:35.000 UTC,0.99972
2026-05-24 18:24:59.000 UTC,0.99972
2026-05-24 18:26:11.000 UTC,0.99972
2026-05-24 18:30:35.000 UTC,0.99972
2026-05-24 18:52:47.000 UTC,0.99972
2026-05-24 19:12:47.000 UTC,0.99972
2026-05-24 19:17:59.000 UTC,0.99972
2026-05-24 19:30:23.000 UTC,0.99972
2026-05-24 19:48:11.000 UTC,0.99972
2026-05-24 21:11:23.000 UTC,0.99972
2026-05-24 21:56:59.000 UTC,0.99972
2026-05-24 21:57:59.000 UTC,0.99972
2026-05-24 22:18:11.000 UTC,0.99972
2026-05-24 22:20:59.000 UTC,0.99972
2026-05-24 22:33:59.000 UTC,0.99972
2026-05-24 22:49:23.000 UTC,0.99972
2026-05-24 22:53:59.000 UTC,0.99972
2026-05-24 23:50:23.000 UTC,0.99972
2026-05-25 00:20:47.000 UTC,0.99972
2026-05-25 00:28:59.000 UTC,0.99972
2026-05-25 00:42:11.000 UTC,0.99972
2026-05-25 00:42:35.000 UTC,0.99972
2026-05-25 00:42:59.000 UTC,0.99972
2026-05-25 00:43:23.000 UTC,0.99972
2026-05-25 00:43:47.000 UTC,0.99972
2026-05-25 00:44:11.000 UTC,0.99972
2026-05-25 00:45:11.000 UTC,0.99972
2026-05-25 00:46:11.000 UTC,0.99972
2026-05-25 00:46:47.000 UTC,0.99972
2026-05-25 00:47:47.000 UTC,0.99972
2026-05-25 00:48:11.000 UTC,0.99972
2026-05-25 00:49:23.000 UTC,0.99972
2026-05-25 00:50:35.000 UTC,0.99972
2026-05-25 00:50:59.000 UTC,0.99972
2026-05-25 01:03:47.000 UTC,0.99972
2026-05-25 01:30:35.000 UTC,0.99972
2026-05-25 01:31:23.000 UTC,0.99972
2026-05-25 01:38:59.000 UTC,0.99972
2026-05-25 01:58:59.000 UTC,0.99972
2026-05-25 02:05:47.000 UTC,0.99972
2026-05-25 02:40:59.000 UTC,0.99972
2026-05-25 03:19:35.000 UTC,0.99972
2026-05-25 03:46:47.000 UTC,0.99972
2026-05-25 03:48:59.000 UTC,0.99972
2026-05-25 04:00:23.000 UTC,0.99972
2026-05-25 04:36:23.000 UTC,0.99972
2026-05-25 04:38:11.000 UTC,0.99972
2026-05-25 04:42:11.000 UTC,0.99972
2026-05-25 05:01:47.000 UTC,0.99972
2026-05-25 05:08:59.000 UTC,0.99972
2026-05-25 05:42:11.000 UTC,0.99972
2026-05-25 05:43:47.000 UTC,0.99972
2026-05-25 05:47:47.000 UTC,0.99972
2026-05-25 05:48:35.000 UTC,0.99972
2026-05-25 05:49:23.000 UTC,0.99972
2026-05-25 05:57:59.000 UTC,0.99972
2026-05-25 06:05:35.000 UTC,0.99972
2026-05-25 06:06:35.000 UTC,0.99972
2026-05-25 06:16:47.000 UTC,0.99972
2026-05-25 06:22:23.000 UTC,0.99972
2026-05-25 06:46:23.000 UTC,0.99972
2026-05-25 07:10:23.000 UTC,0.99964
2026-05-25 07:47:59.000 UTC,0.99964
2026-05-25 07:50:35.000 UTC,0.99964
2026-05-25 08:50:23.000 UTC,0.99965621
2026-05-25 08:53:59.000 UTC,0.99965621
2026-05-25 09:55:47.000 UTC,0.99965621
2026-05-25 10:29:59.000 UTC,0.99965621
2026-05-25 10:44:47.000 UTC,0.99965621
2026-05-25 11:03:11.000 UTC,0.99965621
2026-05-25 11:08:47.000 UTC,0.99965621
2026-05-25 11:24:47.000 UTC,0.99965621
2026-05-25 12:31:23.000 UTC,0.99965621
2026-05-25 12:42:59.000 UTC,0.99965621
2026-05-25 13:46:35.000 UTC,0.99965621
2026-05-25 14:00:47.000 UTC,0.99965621
2026-05-25 14:27:47.000 UTC,0.99965621
2026-05-25 14:30:35.000 UTC,0.99965621
2026-05-25 14:47:11.000 UTC,0.99965621
2026-05-25 14:51:59.000 UTC,0.99965621
2026-05-25 15:15:11.000 UTC,0.99965621
2026-05-25 15:27:59.000 UTC,0.99965621
2026-05-25 15:53:47.000 UTC,0.99965621
2026-05-25 15:56:11.000 UTC,0.99965621
2026-05-25 15:58:47.000 UTC,0.99965621
2026-05-25 16:02:23.000 UTC,0.99965621
2026-05-25 16:04:47.000 UTC,0.99965621
2026-05-25 16:31:59.000 UTC,0.99965621
2026-05-25 17:45:11.000 UTC,0.99965621
2026-05-25 18:05:35.000 UTC,0.99965621
2026-05-25 18:18:47.000 UTC,0.99965621
2026-05-25 18:19:23.000 UTC,0.99965621
2026-05-25 18:30:23.000 UTC,0.99965621
2026-05-25 19:02:35.000 UTC,0.99965621
2026-05-25 19:09:59.000 UTC,0.99965621
2026-05-25 19:30:47.000 UTC,0.99965621
2026-05-25 19:34:23.000 UTC,0.99965621
2026-05-25 20:19:59.000 UTC,0.99965621
2026-05-25 21:30:59.000 UTC,0.99965621
2026-05-25 21:44:47.000 UTC,0.99965621
2026-05-25 22:11:11.000 UTC,0.99965621
2026-05-25 22:16:59.000 UTC,0.99965621
2026-05-25 22:18:35.000 UTC,0.99965621
2026-05-25 22:29:23.000 UTC,0.99965621
2026-05-25 23:12:59.000 UTC,0.99965621
2026-05-25 23:47:59.000 UTC,0.99965621
2026-05-25 23:57:59.000 UTC,0.99965621
2026-05-26 00:07:59.000 UTC,0.99965621
2026-05-26 00:10:35.000 UTC,0.99965621
2026-05-26 01:06:47.000 UTC,0.99965621
2026-05-26 01:17:59.000 UTC,0.99965621
2026-05-26 01:42:47.000 UTC,0.99965621
2026-05-26 01:47:59.000 UTC,0.99965621
2026-05-26 02:01:23.000 UTC,0.99965621
2026-05-26 02:19:47.000 UTC,0.99965621
2026-05-26 02:21:35.000 UTC,0.99965621
2026-05-26 02:21:47.000 UTC,0.99965621
2026-05-26 02:45:11.000 UTC,0.99965621
2026-05-26 02:53:11.000 UTC,0.99965621
2026-05-26 02:54:47.000 UTC,0.99965621
2026-05-26 02:59:23.000 UTC,0.99965621
2026-05-26 03:22:23.000 UTC,0.99965621
2026-05-26 03:25:11.000 UTC,0.99965621
2026-05-26 03:48:59.000 UTC,0.99965621
2026-05-26 04:34:11.000 UTC,0.99965621
2026-05-26 04:35:11.000 UTC,0.99965621
2026-05-26 04:58:23.000 UTC,0.99965621
2026-05-26 06:22:35.000 UTC,0.99965621
2026-05-26 06:37:11.000 UTC,0.99965621
2026-05-26 07:17:23.000 UTC,0.99962789
2026-05-26 07:18:11.000 UTC,0.99962789
2026-05-26 07:27:35.000 UTC,0.99962789
2026-05-26 08:04:23.000 UTC,0.99961478
2026-05-26 08:14:35.000 UTC,0.99961478
2026-05-26 08:22:35.000 UTC,0.99961478
2026-05-26 08:59:23.000 UTC,0.99961478
2026-05-26 09:01:47.000 UTC,0.99961478
2026-05-26 09:06:23.000 UTC,0.99961478
2026-05-26 09:07:59.000 UTC,0.99961478
2026-05-26 09:08:59.000 UTC,0.99961478
2026-05-26 09:10:59.000 UTC,0.99961478
2026-05-26 09:30:59.000 UTC,0.99961478
2026-05-26 09:50:47.000 UTC,0.99961478
2026-05-26 11:46:35.000 UTC,0.99961478
2026-05-26 11:50:35.000 UTC,0.99961478
2026-05-26 12:14:11.000 UTC,0.99961478
2026-05-26 12:14:47.000 UTC,0.99961478
2026-05-26 12:32:47.000 UTC,0.99961478
2026-05-26 13:10:47.000 UTC,0.99961478
2026-05-26 14:31:23.000 UTC,0.99961478
2026-05-26 15:17:35.000 UTC,0.99961478
2026-05-26 15:50:35.000 UTC,0.99961478
2026-05-26 15:53:35.000 UTC,0.99961478
2026-05-26 15:59:23.000 UTC,0.99961478
2026-05-26 15:59:47.000 UTC,0.99961478
2026-05-26 16:05:35.000 UTC,0.99961478
2026-05-26 16:08:59.000 UTC,0.99961478
2026-05-26 17:56:59.000 UTC,0.99961478
2026-05-26 18:15:11.000 UTC,0.99961478
2026-05-26 18:27:11.000 UTC,0.99961478
2026-05-26 18:27:23.000 UTC,0.99961478
2026-05-26 18:30:11.000 UTC,0.99961478
2026-05-26 18:35:59.000 UTC,0.99961478
2026-05-26 19:01:23.000 UTC,0.99961478
2026-05-26 19:30:35.000 UTC,0.99961478
2026-05-26 19:30:59.000 UTC,0.99961478
2026-05-26 19:38:11.000 UTC,0.99961478
2026-05-26 19:50:35.000 UTC,0.99961478
2026-05-26 20:09:47.000 UTC,0.99961478
2026-05-26 20:13:35.000 UTC,0.99961478
2026-05-26 20:18:47.000 UTC,0.99961478
2026-05-26 20:22:59.000 UTC,0.99961478
2026-05-26 20:31:23.000 UTC,0.99961478
2026-05-26 20:47:47.000 UTC,0.99961478
2026-05-26 21:23:47.000 UTC,0.99961478
2026-05-26 21:42:59.000 UTC,0.99961478
2026-05-26 21:51:35.000 UTC,0.99961478
2026-05-26 22:18:35.000 UTC,0.99961478
2026-05-26 22:24:23.000 UTC,0.99961478
2026-05-26 22:35:11.000 UTC,0.99961478
2026-05-26 22:38:59.000 UTC,0.99961478
2026-05-26 22:44:59.000 UTC,0.99961478
2026-05-26 23:06:59.000 UTC,0.99961478
2026-05-26 23:14:59.000 UTC,0.99961478
2026-05-26 23:30:23.000 UTC,0.99961478
2026-05-26 23:39:11.000 UTC,0.99961478
2026-05-26 23:47:47.000 UTC,0.99961478
2026-05-27 00:00:11.000 UTC,0.99961478
2026-05-27 00:17:59.000 UTC,0.99961478
2026-05-27 00:31:47.000 UTC,0.99961478
2026-05-27 00:34:11.000 UTC,0.99961478
2026-05-27 00:44:59.000 UTC,0.99961478
2026-05-27 01:24:23.000 UTC,0.99961478
2026-05-27 01:36:35.000 UTC,0.99961478
2026-05-27 01:54:47.000 UTC,0.99961478
2026-05-27 02:38:11.000 UTC,0.99961478
2026-05-27 02:42:59.000 UTC,0.99961478
2026-05-27 02:46:23.000 UTC,0.99961478
2026-05-27 03:01:59.000 UTC,0.99961478
2026-05-27 03:09:47.000 UTC,0.99961478
2026-05-27 03:15:47.000 UTC,0.99961478
2026-05-27 03:40:23.000 UTC,0.99961478
2026-05-27 03:48:59.000 UTC,0.99961478
2026-05-27 03:53:59.000 UTC,0.99961478
2026-05-27 03:54:11.000 UTC,0.99961478
2026-05-27 04:00:35.000 UTC,0.99961478
2026-05-27 04:41:23.000 UTC,0.99961478
2026-05-27 04:51:47.000 UTC,0.99961478
2026-05-27 04:54:47.000 UTC,0.99961478
2026-05-27 05:05:35.000 UTC,0.99961478
2026-05-27 05:20:23.000 UTC,0.99961478
2026-05-27 05:23:23.000 UTC,0.99961478
2026-05-27 05:45:23.000 UTC,0.99961478
2026-05-27 05:50:47.000 UTC,0.99961478
2026-05-27 05:53:11.000 UTC,0.99961478
2026-05-27 05:54:23.000 UTC,0.99961478
2026-05-27 06:14:35.000 UTC,0.99961478
2026-05-27 06:31:47.000 UTC,0.99961478
2026-05-27 06:35:47.000 UTC,0.99961478
2026-05-27 06:48:23.000 UTC,0.99961478
2026-05-27 07:14:23.000 UTC,0.99955765
2026-05-27 07:26:59.000 UTC,0.99955765
2026-05-27 08:19:35.000 UTC,0.99960905
2026-05-27 08:41:59.000 UTC,0.99960905
2026-05-27 09:17:47.000 UTC,0.99960905
2026-05-27 09:37:59.000 UTC,0.99960905
2026-05-27 09:43:35.000 UTC,0.99960905
2026-05-27 09:43:59.000 UTC,0.99960905
2026-05-27 10:07:47.000 UTC,0.99960905
2026-05-27 10:17:59.000 UTC,0.99960905
2026-05-27 10:27:47.000 UTC,0.99960905
2026-05-27 10:37:59.000 UTC,0.99960905
2026-05-27 10:43:35.000 UTC,0.99960905
2026-05-27 10:48:11.000 UTC,0.99960905
2026-05-27 11:07:47.000 UTC,0.99960905
2026-05-27 11:09:35.000 UTC,0.99960905
2026-05-27 11:14:11.000 UTC,0.99960905
2026-05-27 11:28:11.000 UTC,0.99960905
2026-05-27 11:37:47.000 UTC,0.99960905
2026-05-27 11:47:11.000 UTC,0.99960905
2026-05-27 11:47:59.000 UTC,0.99960905
2026-05-27 11:57:47.000 UTC,0.99960905
2026-05-27 12:07:47.000 UTC,0.99960905
2026-05-27 12:17:59.000 UTC,0.99960905
2026-05-27 13:27:35.000 UTC,0.99960905
2026-05-27 13:50:59.000 UTC,0.99960905
2026-05-27 14:17:47.000 UTC,0.99960905
2026-05-27 15:01:23.000 UTC,0.99960905
2026-05-27 15:13:59.000 UTC,0.99960905
2026-05-27 16:32:23.000 UTC,0.99960905
2026-05-27 17:31:11.000 UTC,0.99960905
2026-05-27 17:49:23.000 UTC,0.99960905
2026-05-27 17:55:47.000 UTC,0.99960905
2026-05-27 18:30:23.000 UTC,0.99960905
2026-05-27 18:57:59.000 UTC,0.99960905
2026-05-27 19:16:35.000 UTC,0.99960905
2026-05-27 19:19:35.000 UTC,0.99960905
2026-05-27 19:19:59.000 UTC,0.99960905
2026-05-27 19:24:35.000 UTC,0.99960905
2026-05-27 19:29:47.000 UTC,0.99960905
2026-05-27 19:30:11.000 UTC,0.99960905
2026-05-27 19:38:23.000 UTC,0.99960905
2026-05-27 19:41:11.000 UTC,0.99960905
2026-05-27 20:26:47.000 UTC,0.99960905
2026-05-27 20:49:11.000 UTC,0.99960905
2026-05-27 21:08:23.000 UTC,0.99960905
2026-05-27 21:20:23.000 UTC,0.99960905
2026-05-27 21:39:11.000 UTC,0.99960905
2026-05-27 21:53:35.000 UTC,0.99960905
2026-05-27 21:56:11.000 UTC,0.99960905
2026-05-27 21:57:59.000 UTC,0.99960905
2026-05-27 22:07:23.000 UTC,0.99960905
2026-05-27 22:12:23.000 UTC,0.99960905
2026-05-27 22:14:11.000 UTC,0.99960905
2026-05-27 22:27:11.000 UTC,0.99960905
2026-05-27 22:30:59.000 UTC,0.99960905
2026-05-27 23:26:47.000 UTC,0.99960905
2026-05-27 23:44:23.000 UTC,0.99960905
2026-05-28 00:53:59.000 UTC,0.99960905
2026-05-28 01:57:59.000 UTC,0.99960905
2026-05-28 02:39:23.000 UTC,0.99960905
2026-05-28 03:05:11.000 UTC,0.99960905
2026-05-28 03:08:11.000 UTC,0.99960905
2026-05-28 03:16:47.000 UTC,0.99960905
2026-05-28 03:22:23.000 UTC,0.99960905
2026-05-28 03:23:59.000 UTC,0.99960905
2026-05-28 04:32:11.000 UTC,0.99960905
2026-05-28 04:55:59.000 UTC,0.99960905
2026-05-28 04:56:11.000 UTC,0.99960905
2026-05-28 04:57:11.000 UTC,0.99960905
2026-05-28 05:31:11.000 UTC,0.99960905
2026-05-28 05:53:23.000 UTC,0.99960905
2026-05-28 05:55:35.000 UTC,0.99960905
2026-05-28 06:05:47.000 UTC,0.99960905
2026-05-28 06:40:11.000 UTC,0.99960905
2026-05-28 06:43:35.000 UTC,0.99960905
2026-05-28 06:45:11.000 UTC,0.99960905
2026-05-28 07:02:47.000 UTC,0.99947
2026-05-28 07:13:11.000 UTC,0.99947
2026-05-28 07:14:11.000 UTC,0.99947
2026-05-28 07:19:23.000 UTC,0.99947
2026-05-28 07:21:23.000 UTC,0.99947
2026-05-28 08:34:59.000 UTC,0.99947071
2026-05-28 08:38:59.000 UTC,0.99947071
2026-05-28 08:39:59.000 UTC,0.99947071
2026-05-28 08:40:23.000 UTC,0.99947071
2026-05-28 08:41:35.000 UTC,0.99947071
2026-05-28 08:56:35.000 UTC,0.99947071
2026-05-28 09:02:11.000 UTC,0.99947071
2026-05-28 09:54:11.000 UTC,0.99947071
2026-05-28 10:27:59.000 UTC,0.99947071
2026-05-28 11:00:59.000 UTC,0.99947071
2026-05-28 11:52:35.000 UTC,0.99947071
2026-05-28 11:58:59.000 UTC,0.99947071
2026-05-28 12:48:11.000 UTC,0.99947071
2026-05-28 12:50:59.000 UTC,0.99947071
2026-05-28 13:18:11.000 UTC,0.99947071
2026-05-28 13:48:11.000 UTC,0.99947071
2026-05-28 13:57:59.000 UTC,0.99947071
2026-05-28 14:05:59.000 UTC,0.99947071
2026-05-28 15:31:23.000 UTC,0.99947071
2026-05-28 15:33:47.000 UTC,0.99947071
2026-05-28 15:43:47.000 UTC,0.99947071
2026-05-28 15:47:35.000 UTC,0.99947071
2026-05-28 17:59:23.000 UTC,0.99947071
2026-05-28 18:30:11.000 UTC,0.99947071
2026-05-28 18:32:59.000 UTC,0.99947071
2026-05-28 18:45:47.000 UTC,0.99947071
2026-05-28 19:10:11.000 UTC,0.99947071
2026-05-28 19:30:11.000 UTC,0.99947071
2026-05-28 19:38:11.000 UTC,0.99947071
2026-05-28 19:43:59.000 UTC,0.99947071
2026-05-28 20:23:11.000 UTC,0.99947071
2026-05-28 20:35:35.000 UTC,0.99947071
2026-05-28 22:07:59.000 UTC,0.99947071
2026-05-28 22:26:11.000 UTC,0.99947071
2026-05-28 22:38:59.000 UTC,0.99947071
2026-05-28 22:40:23.000 UTC,0.99947071
2026-05-29 01:53:47.000 UTC,0.99947071
2026-05-29 02:08:11.000 UTC,0.99947071
2026-05-29 02:49:47.000 UTC,0.99947071
2026-05-29 03:36:59.000 UTC,0.99947071
2026-05-29 03:46:23.000 UTC,0.99947071
2026-05-29 04:38:11.000 UTC,0.99947071
2026-05-29 05:32:47.000 UTC,0.99947071
2026-05-29 05:33:23.000 UTC,0.99947071
2026-05-29 06:07:23.000 UTC,0.99947071
2026-05-29 06:08:23.000 UTC,0.99947071
2026-05-29 06:56:23.000 UTC,0.99947071
2026-05-29 07:10:35.000 UTC,0.99951157
2026-05-29 07:11:23.000 UTC,0.99951157
2026-05-29 07:17:47.000 UTC,0.99951157
2026-05-29 07:18:11.000 UTC,0.99951157
2026-05-29 07:19:59.000 UTC,0.99951157
2026-05-29 07:29:23.000 UTC,0.99951157
2026-05-29 07:33:47.000 UTC,0.99951157
2026-05-29 07:35:23.000 UTC,0.99951157
2026-05-29 07:55:47.000 UTC,0.99951157
2026-05-29 07:56:23.000 UTC,0.99951157
2026-05-29 08:07:11.000 UTC,0.99951926
2026-05-29 08:09:59.000 UTC,0.99951926
2026-05-29 08:47:59.000 UTC,0.99951926
2026-05-29 09:17:59.000 UTC,0.99951926
2026-05-29 09:42:35.000 UTC,0.99951926
2026-05-29 09:47:59.000 UTC,0.99951926
2026-05-29 10:27:47.000 UTC,0.99951926
2026-05-29 10:44:23.000 UTC,0.99951926
2026-05-29 10:45:35.000 UTC,0.99951926
2026-05-29 11:07:47.000 UTC,0.99951926
2026-05-29 11:23:11.000 UTC,0.99951926
2026-05-29 11:34:11.000 UTC,0.99951926
2026-05-29 12:30:35.000 UTC,0.99951926
2026-05-29 12:40:47.000 UTC,0.99951926
2026-05-29 13:00:23.000 UTC,0.99951926
2026-05-29 13:12:35.000 UTC,0.99951926
2026-05-29 14:20:35.000 UTC,0.99951926
2026-05-29 14:36:11.000 UTC,0.99951926
2026-05-29 14:40:11.000 UTC,0.99951926
2026-05-29 14:47:47.000 UTC,0.99951926
2026-05-29 16:02:11.000 UTC,0.99951926
2026-05-29 16:57:47.000 UTC,0.99951926
2026-05-29 16:58:59.000 UTC,0.99951926
2026-05-29 17:00:23.000 UTC,0.99951926
2026-05-29 17:11:59.000 UTC,0.99951926
2026-05-29 17:13:11.000 UTC,0.99951926
2026-05-29 17:17:47.000 UTC,0.99951926
2026-05-29 17:32:59.000 UTC,0.99951926
2026-05-29 17:40:23.000 UTC,0.99951926
2026-05-29 17:47:47.000 UTC,0.99951926
2026-05-29 18:01:59.000 UTC,0.99951926
2026-05-29 18:25:35.000 UTC,0.99951926
2026-05-29 18:30:23.000 UTC,0.99951926
2026-05-29 18:39:59.000 UTC,0.99951926
2026-05-29 18:44:23.000 UTC,0.99951926
2026-05-29 19:30:35.000 UTC,0.99951926
2026-05-29 19:38:47.000 UTC,0.99951926
2026-05-29 19:45:35.000 UTC,0.99951926
2026-05-29 20:07:47.000 UTC,0.99951926
2026-05-29 20:12:47.000 UTC,0.99951926
2026-05-29 20:40:59.000 UTC,0.99951926
2026-05-29 21:19:11.000 UTC,0.99951926
2026-05-29 21:43:59.000 UTC,0.99951926
2026-05-29 22:02:47.000 UTC,0.99951926
2026-05-29 22:17:23.000 UTC,0.99951926
2026-05-29 23:30:59.000 UTC,0.99951926
2026-05-30 00:17:11.000 UTC,0.99951926
2026-05-30 01:09:47.000 UTC,0.99951926
2026-05-30 01:40:35.000 UTC,0.99951926
2026-05-30 02:20:23.000 UTC,0.99951926
2026-05-30 03:44:23.000 UTC,0.99951926
2026-05-30 04:16:23.000 UTC,0.99951926
2026-05-30 05:10:11.000 UTC,0.99951926
2026-05-30 05:47:23.000 UTC,0.99951926
2026-05-30 06:35:11.000 UTC,0.99951926
2026-05-30 06:47:47.000 UTC,0.99951926
2026-05-30 07:15:35.000 UTC,0.99966257
2026-05-30 07:28:35.000 UTC,0.99966257
2026-05-30 07:44:11.000 UTC,0.99966257
2026-05-30 07:45:47.000 UTC,0.99966257
2026-05-30 09:20:23.000 UTC,0.99959934
2026-05-30 10:42:23.000 UTC,0.99959934
2026-05-30 11:07:47.000 UTC,0.99959934
2026-05-30 11:11:59.000 UTC,0.99959934
2026-05-30 11:27:11.000 UTC,0.99959934
2026-05-30 12:01:47.000 UTC,0.99959934
2026-05-30 13:43:59.000 UTC,0.99959934
2026-05-30 14:28:11.000 UTC,0.99959934
2026-05-30 14:55:35.000 UTC,0.99959934
2026-05-30 15:27:59.000 UTC,0.99959934
2026-05-30 15:37:47.000 UTC,0.99959934
2026-05-30 16:14:59.000 UTC,0.99959934
2026-05-30 16:31:23.000 UTC,0.99959934
2026-05-30 16:42:47.000 UTC,0.99959934
2026-05-30 16:47:47.000 UTC,0.99959934
2026-05-30 17:17:47.000 UTC,0.99959934
2026-05-30 17:20:23.000 UTC,0.99959934
2026-05-30 17:54:23.000 UTC,0.99959934
2026-05-30 17:55:35.000 UTC,0.99959934
2026-05-30 18:25:35.000 UTC,0.99959934
2026-05-30 18:30:35.000 UTC,0.99959934
2026-05-30 19:30:35.000 UTC,0.99959934
2026-05-30 19:51:59.000 UTC,0.99959934
2026-05-30 21:11:35.000 UTC,0.99959934
2026-05-30 22:02:47.000 UTC,0.99959934
2026-05-30 22:07:47.000 UTC,0.99959934
2026-05-30 22:28:11.000 UTC,0.99959934
2026-05-30 22:48:59.000 UTC,0.99959934
2026-05-30 22:55:23.000 UTC,0.99959934
2026-05-30 23:25:59.000 UTC,0.99959934
2026-05-30 23:50:59.000 UTC,0.99959934
2026-05-31 01:08:11.000 UTC,0.99959934
2026-05-31 02:26:11.000 UTC,0.99959934
2026-05-31 02:40:11.000 UTC,0.99959934
2026-05-31 03:09:11.000 UTC,0.99959934
2026-05-31 04:13:35.000 UTC,0.99959934
2026-05-31 04:46:47.000 UTC,0.99959934
2026-05-31 05:10:11.000 UTC,0.99959934
2026-05-31 05:35:59.000 UTC,0.99959934
2026-05-31 06:52:59.000 UTC,0.99959934
2026-05-31 06:55:47.000 UTC,0.99959934
2026-05-31 07:27:35.000 UTC,0.99958845
2026-05-31 08:02:59.000 UTC,0.9995895
2026-05-31 08:10:59.000 UTC,0.9995895
2026-05-31 08:16:59.000 UTC,0.9995895
2026-05-31 08:26:23.000 UTC,0.9995895
2026-05-31 09:15:35.000 UTC,0.9995895
2026-05-31 10:42:23.000 UTC,0.9995895
2026-05-31 11:17:47.000 UTC,0.9995895
2026-05-31 11:45:23.000 UTC,0.9995895
2026-05-31 11:51:47.000 UTC,0.9995895
2026-05-31 12:07:35.000 UTC,0.9995895
2026-05-31 12:17:59.000 UTC,0.9995895
2026-05-31 13:58:11.000 UTC,0.9995895
2026-05-31 14:07:47.000 UTC,0.9995895
2026-05-31 14:17:47.000 UTC,0.9995895
2026-05-31 14:46:11.000 UTC,0.9995895
2026-05-31 14:47:47.000 UTC,0.9995895
2026-05-31 14:48:23.000 UTC,0.9995895
2026-05-31 14:49:11.000 UTC,0.9995895
2026-05-31 14:53:59.000 UTC,0.9995895
2026-05-31 15:35:35.000 UTC,0.9995895
2026-05-31 15:57:23.000 UTC,0.9995895
2026-05-31 17:01:23.000 UTC,0.9995895
2026-05-31 17:14:23.000 UTC,0.9995895
2026-05-31 17:41:11.000 UTC,0.9995895
2026-05-31 17:52:23.000 UTC,0.9995895
2026-05-31 18:00:35.000 UTC,0.9995895
2026-05-31 18:30:11.000 UTC,0.9995895
2026-05-31 18:48:47.000 UTC,0.9995895
2026-05-31 18:55:35.000 UTC,0.9995895
2026-05-31 19:20:59.000 UTC,0.9995895
2026-05-31 19:31:11.000 UTC,0.9995895
2026-05-31 19:55:35.000 UTC,0.9995895
2026-05-31 20:15:23.000 UTC,0.9995895
2026-05-31 20:36:11.000 UTC,0.9995895
2026-05-31 20:40:47.000 UTC,0.9995895
2026-05-31 20:47:59.000 UTC,0.9995895
2026-05-31 21:41:23.000 UTC,0.9995895
2026-05-31 21:42:47.000 UTC,0.9995895
2026-05-31 21:49:11.000 UTC,0.9995895
2026-05-31 21:59:35.000 UTC,0.9995895
2026-05-31 22:27:47.000 UTC,0.9995895
2026-05-31 22:38:47.000 UTC,0.9995895
2026-05-31 22:44:59.000 UTC,0.9995895
2026-05-31 22:49:11.000 UTC,0.9995895
2026-05-31 22:49:59.000 UTC,0.9995895
2026-05-31 22:51:23.000 UTC,0.9995895
2026-05-31 22:52:47.000 UTC,0.9995895
2026-05-31 22:52:59.000 UTC,0.9995895
2026-05-31 22:56:47.000 UTC,0.9995895
2026-05-31 22:57:23.000 UTC,0.9995895
2026-05-31 23:42:23.000 UTC,0.9995895
2026-05-31 23:52:23.000 UTC,0.9995895
