timestamp,netAmount0,netAmount1,closeTick,openTick,lowestTick,highestTick,inAmount0,inAmount1,currentLiquidity
2026-06-16 00:00:00,9265001300,-9266617375,2,2,2,2,9265001300,9266617375,39482865736794253
2026-06-16 00:04:00,-62616572,62644688,2,2,2,2,109383428,109419688,39482865736794253
2026-06-16 00:07:00,-1010077980,1010456040,2,2,2,2,1010077980,1010456040,39482865736794253
2026-06-16 00:09:00,-396228149,396376467,2,2,2,2,396228149,396376467,39482865736794253
2026-06-16 00:10:00,-24781095,25150091,2,2,2,2,3620792093,3621787593,39482865736794253
2026-06-16 00:13:00,-9996258,10000000,2,2,2,2,9996258,10000000,39482865736794253
2026-06-16 00:15:00,-50980916,51000000,2,2,2,2,50980916,51000000,39482865736794253
2026-06-16 00:16:00,-186341,186412,2,2,2,2,186341,186412,39482865736794253
2026-06-16 00:17:00,-538519321,538720918,2,2,2,2,538519321,538720918,39482865736794253
2026-06-16 00:20:00,-13632190,13637294,2,2,2,2,13632190,13637294,39482865736794253
2026-06-16 00:23:00,-445914189,446081130,2,2,2,2,445914189,446081130,39482865736794253
2026-06-16 00:32:00,-9996257,10000000,2,2,2,2,9996257,10000000,39482865736794253
2026-06-16 00:34:00,-256491568,256587598,2,2,2,2,256491568,256587598,39482865736794253
2026-06-16 00:35:00,5000000,-5000871,2,2,2,2,5000000,5000871,39482865736794253
2026-06-16 00:36:00,3000000,-3000523,2,2,2,2,3000000,3000523,39482865736794253
2026-06-16 00:37:00,-174268095,174535749,2,2,2,2,2197651853,2198272323,39482865736794253
2026-06-16 00:39:00,-300790697,300903319,2,2,2,2,300790697,300903319,39482865736794253
2026-06-16 00:40:00,8498519,-8500000,2,2,2,2,8498519,8500000,39482865736794253
2026-06-16 00:42:00,-80883685,80913971,2,2,2,2,80883685,80913971,39482865736794253
2026-06-16 00:43:00,-66681224,66706192,2,2,2,2,66681224,66706192,39482865736794253
2026-06-16 00:45:00,597609052,-597713246,2,2,2,2,597609052,597713246,39482865736794253
2026-06-16 00:47:00,-191250000,191321607,2,2,2,2,191250000,191321607,39482865736794253
2026-06-16 00:48:00,-6776508434,6779046800,2,2,2,2,6776508434,6779046800,39482865736794253
2026-06-16 00:49:00,-4451602,4453271,2,2,2,2,4451602,4453271,39482865736794253
2026-06-16 00:50:00,5340893131,-5341814675,2,2,2,2,5448174095,5449135817,39482865736794253
2026-06-16 00:51:00,10000000,-10001744,2,2,2,2,10000000,10001744,39482865736794253
2026-06-16 00:52:00,-30751089,30762607,2,2,2,2,30751089,30762607,39482865736794253
2026-06-16 00:54:00,-258359594,258456348,2,2,2,2,258359594,258456348,39482865736794253
2026-06-16 00:55:00,-1263366611,1263839781,2,2,2,2,1263366611,1263839781,39482865736794253
2026-06-16 00:57:00,345670719,-345219033,2,2,2,2,5464833699,5466299795,39489748456402406
2026-06-16 00:59:00,-10860952,10865021,2,2,2,2,10860952,10865021,39489748456402406
2026-06-16 01:01:00,60000000000,-60010380401,2,2,2,2,60000000000,60010380401,39489748456402406
2026-06-16 01:02:00,-292423800,292532454,2,2,2,2,292423800,292532454,39489748456402406
2026-06-16 01:03:00,-932987270,933333961,2,2,2,2,932987270,933333961,39489748456402406
2026-06-16 01:06:00,-292422930,292531602,2,2,2,2,292422930,292531602,39489748456402406
2026-06-16 01:08:00,156183507,-156210301,2,2,2,2,156183507,156210301,39489748456402406
2026-06-16 01:11:00,-1153858915,1154287748,2,2,2,2,1153858915,1154287748,39489748456402406
2026-06-16 01:14:00,-858532083,858851202,2,2,2,2,858532083,858851202,39489748456402406
2026-06-16 01:17:00,60910779,-60921233,2,2,2,2,60910779,60921233,39489748456402406
2026-06-16 01:18:00,-137044861,137095805,2,2,2,2,137044861,137095805,39489748456402406
2026-06-16 01:19:00,3114362368,-3114896738,2,2,2,2,3114362368,3114896738,39489748456402406
2026-06-16 01:20:00,-15823210,15829090,2,2,2,2,15823210,15829090,39489748456402406
2026-06-16 01:22:00,4995000000,-4995856034,2,2,2,2,4995000000,4995856034,39489748456402406
2026-06-16 01:23:00,-6248507029,6250828190,2,2,2,2,6248507029,6250828190,39489748456402406
2026-06-16 01:24:00,-538299253,538499311,2,2,2,2,538299253,538499311,39489748456402406
2026-06-16 01:26:00,-1198634444,1199079965,2,2,2,2,1198634444,1199079965,39489748456402406
2026-06-16 01:29:00,-4551132383,4552824659,2,2,2,2,4551132383,4552824659,39489748456402406
2026-06-16 01:30:00,-570684945,570897223,2,2,2,2,570684945,570897223,39489748456402406
2026-06-16 01:35:00,1429315916,-1429561607,2,2,2,2,1429315916,1429561607,68366560900902374
2026-06-16 01:39:00,-2440555,2441464,2,2,2,2,2440555,2441464,39489748456402406
2026-06-16 01:40:00,879337621,-879354029,2,2,2,2,2226130985,2226648341,39489748456402406
2026-06-16 01:41:00,1010145518,-1010117950,2,2,2,2,3020853010,3021573306,39489748456402406
2026-06-16 01:42:00,-746826959,747112529,2,2,2,2,825156173,825455197,39489748456402406
2026-06-16 01:44:00,-1213162663,1213613879,2,2,2,2,1213162663,1213613879,39489748456402406
2026-06-16 01:45:00,-865250667,865572530,2,2,2,2,865250667,865572530,39489748456402406
2026-06-16 01:46:00,-17404213985,17410696150,2,2,2,2,17404213985,17410696150,39489748456402406
2026-06-16 01:47:00,1664950619,-1665238291,2,2,2,2,1664950619,1665238291,39489748456402406
2026-06-16 01:48:00,-400850557,401000000,2,2,2,2,400850557,401000000,39489748456402406
2026-06-16 01:50:00,-245722081,245813696,2,2,2,2,245722081,245813696,39489748456402406
2026-06-16 01:51:00,-3173103440,3174286747,2,2,2,2,3173103440,3174286747,39489748456402406
2026-06-16 01:52:00,-5308316304,5310297018,2,2,2,2,5308366298,5310347018,39489748456402406
2026-06-16 01:53:00,-1306647418,1307135192,2,2,2,2,1306647418,1307135192,39489748456402406
2026-06-16 01:54:00,-42485996547,42501903718,2,2,2,2,42485996547,42501903718,39489748456402406
2026-06-16 01:56:00,299978102,-300030722,2,2,2,2,299978102,300030722,39489748456402406
2026-06-16 01:57:00,-34777506,34790565,2,2,2,2,34777506,34790565,39489748456402406
2026-06-16 01:59:00,-582118633,582337212,2,2,2,2,582118633,582337212,39489748456402406
2026-06-16 02:01:00,-468175107,468350915,2,2,2,2,468175107,468350915,39489748456402406
2026-06-16 02:02:00,-377370076,377511793,2,2,2,2,377370076,377511793,39489748456402406
2026-06-16 02:03:00,598959941,-599065037,2,2,2,2,598959941,599065037,39489748456402406
2026-06-16 02:05:00,49844028,-49852770,2,2,2,2,49844028,49852770,39489748456402406
2026-06-16 02:06:00,2594754309,-2595209379,2,2,2,2,2594754309,2595209379,39489748456402406
2026-06-16 02:07:00,-2012691858,2013447489,2,2,2,2,2012691858,2013447489,39489748456402406
2026-06-16 02:08:00,-79772789,79802744,2,2,2,2,79772789,79802744,39489748456402406
2026-06-16 02:10:00,1428116785,-1428244528,2,2,2,2,2654967043,2655555472,39489748456402406
2026-06-16 02:12:00,-3872121467,3873575498,2,2,2,2,3872121467,3873575498,39489748456402406
2026-06-16 02:15:00,-823286957,823596210,2,2,2,2,823286957,823596210,39489748456402406
2026-06-16 02:16:00,-3408719212,3410000000,2,2,2,2,3408719212,3410000000,39489748456402406
2026-06-16 02:17:00,-1075279950,1075684098,2,2,2,2,1075279950,1075684098,39489748456402406
2026-06-16 02:18:00,-12523294614,12528005839,2,2,2,2,12523294614,12528005839,39489748456402406
2026-06-16 02:19:00,982520168,-982693507,2,2,2,2,982520168,982693507,39489748456402406
2026-06-16 02:20:00,-1353741196,1354250880,2,2,2,2,1353741196,1354250880,39489748456402406
2026-06-16 02:21:00,-50509608353,50528691523,2,2,2,2,50509608353,50528691523,39489748456402406
2026-06-16 02:22:00,-33627657839,33640434481,2,2,2,2,33627657839,33640434481,39489748456402406
2026-06-16 02:24:00,-437436967,437603547,2,2,2,2,437436967,437603547,39489748456402406
2026-06-16 02:25:00,-2169375951,2170202210,2,2,2,2,2169375951,2170202210,39489748456402406
2026-06-16 02:26:00,682565113,-682278921,2,2,2,2,4777434887,4778708775,39489748456402406
2026-06-16 02:27:00,3878614215,-3879311392,2,2,2,2,3916604415,3917316062,39489748456402406
2026-06-16 02:29:00,-4901394,4903261,2,2,2,2,4901394,4903261,39489748456402406
2026-06-16 02:30:00,717464738,-717574327,2,2,2,2,917313344,917499009,39489748456402406
2026-06-16 02:31:00,-2199439684,2200277051,2,2,2,2,2199439684,2200277051,39489748456402406
2026-06-16 02:33:00,345766017,-345828493,2,2,2,2,345766017,345828493,39489748456402406
2026-06-16 02:36:00,2306943886,-2307360640,2,2,2,2,2306943886,2307360640,39489748456402406
2026-06-16 02:40:00,-72521696,72549305,2,2,2,2,72521696,72549305,39489748456402406
2026-06-16 02:41:00,-424000000,424161415,2,2,2,2,424000000,424161415,39489748456402406
2026-06-16 02:46:00,-32507596,32519972,2,2,2,2,32507596,32519972,39489748456402406
2026-06-16 02:47:00,-15077414241,15083160052,2,2,2,2,15077414241,15083160052,39489748456402406
2026-06-16 02:50:00,-36032748,36046494,2,2,2,2,36032748,36046494,39489748456402406
2026-06-16 02:52:00,-782103072,782401440,2,2,2,2,782103072,782401440,39489748456402406
2026-06-16 02:56:00,-253798394,253895223,2,2,2,2,253798394,253895223,39489748456402406
2026-06-16 02:57:00,-55993131,56014495,2,2,2,2,55993131,56014495,39489748456402406
2026-06-16 03:01:00,81897102,-81868327,2,2,2,2,518102898,518240551,39489748456402406
2026-06-16 03:02:00,-15044254548,15050000000,2,2,2,2,15044254548,15050000000,39489748456402406
2026-06-16 03:03:00,-5761776792,5763980273,2,2,2,2,5761776792,5763980273,39489748456402406
2026-06-16 03:04:00,-789509842,789811907,2,2,2,2,789509842,789811907,39489748456402406
2026-06-16 03:05:00,-280232900,280340126,2,2,2,2,280232900,280340126,39489748456402406
2026-06-16 03:06:00,-230786748,230875056,2,2,2,2,230786748,230875056,39489748456402406
2026-06-16 03:07:00,-94221696,94257752,2,2,2,2,94221696,94257752,39489748456402406
2026-06-16 03:08:00,10000000,-10001825,2,2,2,2,10000000,10001825,39489748456402406
2026-06-16 03:11:00,-428554264,428718254,2,2,2,2,428554264,428718254,39489748456402406
2026-06-16 03:12:00,489986481,-490075947,2,2,2,2,489986481,490075947,39489748456402406
2026-06-16 03:14:00,-1999235,2000000,2,2,2,2,1999235,2000000,39489748456402406
2026-06-16 03:19:00,-337555825,337684992,2,2,2,2,337555825,337684992,39489748456402406
2026-06-16 03:20:00,-19881764,19889373,2,2,2,2,19881764,19889373,39489748456402406
2026-06-16 03:21:00,-5391659538,5393793599,2,2,2,2,6092831290,6095093577,39489748456402406
2026-06-16 03:23:00,-566948033,567165148,2,2,2,2,566948033,567165148,39489748456402406
2026-06-16 03:24:00,-107306970,107348066,2,2,2,2,107306970,107348066,39489748456402406
2026-06-16 03:25:00,603665067,-603775469,2,2,2,2,603665067,603775469,39489748456402406
2026-06-16 03:31:00,13844800000,-13847326970,2,2,2,2,13844800000,13847326970,39489748456402406
2026-06-16 03:34:00,-211863092,212002684,2,2,2,2,797750998,797997316,39489748456402406
2026-06-16 03:35:00,-72877942,72905800,2,2,2,2,72877942,72905800,39489748456402406
2026-06-16 03:42:00,-39567638,39582764,2,2,2,2,39567638,39582764,39489748456402406
2026-06-16 03:43:00,-40255337,40270726,2,2,2,2,40255337,40270726,39489748456402406
2026-06-16 03:44:00,-129306601,129356030,2,2,2,2,129306601,129356030,39489748456402406
2026-06-16 03:46:00,-1606803494,1607417780,2,2,2,2,1606803494,1607417780,39489748456402406
2026-06-16 03:47:00,-379402213,379547279,2,2,2,2,379402213,379547279,39489748456402406
2026-06-16 03:50:00,-317778316,317899826,2,2,2,2,317778316,317899826,39489748456402406
2026-06-16 03:52:00,173947726,-173979436,2,2,2,2,173947726,173979436,39489748456402406
2026-06-16 03:53:00,25000001834,-25004549764,2,2,2,2,25000001834,25004549764,64722863705517542
2026-06-16 03:59:00,4999093,-5000000,2,2,2,2,4999093,5000000,39489748456402406
2026-06-16 04:00:00,-39538234,39553323,2,2,2,2,39538234,39553323,39489748456402406
2026-06-16 04:01:00,3900000000,-3900707591,2,2,2,2,3900000000,3900707591,39489748456402406
2026-06-16 04:03:00,-172980116,173046092,2,2,2,2,172980116,173046092,39489748456402406
2026-06-16 04:04:00,-368702400,368843031,2,2,2,2,368702400,368843031,39489748456402406
2026-06-16 04:06:00,-279891256584,280000000000,2,2,2,2,279891256584,280000000000,39489748456402406
2026-06-16 04:07:00,-856708321889,857061433131,3,2,2,3,856708321889,857061433131,55970596226051039
2026-06-16 04:08:00,-123683866,123736749,3,3,3,3,123683866,123736749,55970596226051039
2026-06-16 04:10:00,-1461518047,1462142972,3,3,3,3,1461518047,1462142972,55970596226051039
2026-06-16 04:14:00,1517168,-1517512,3,3,3,3,1517168,1517512,55970596226051039
2026-06-16 04:16:00,-131201252,131257356,3,3,3,3,131201252,131257356,55970596226051039
2026-06-16 04:18:00,-218072,218166,3,3,3,3,218072,218166,55970596226051039
2026-06-16 04:19:00,-105000000,105044901,3,3,3,3,105000000,105044901,55970596226051039
2026-06-16 04:23:00,-49091057,49166059,3,3,3,3,588968209,589166059,55970596226051039
2026-06-16 04:24:00,-3688091,3689669,3,3,3,3,3688091,3689669,55970596226051039
2026-06-16 04:27:00,-88431809,88469625,3,3,3,3,88431809,88469625,55970596226051039
2026-06-16 04:28:00,-3085932699,3087260445,3,3,3,3,3165416599,3166762429,55970596226051039
2026-06-16 04:36:00,-4997862,5000000,3,3,3,3,4997862,5000000,55970596226051039
2026-06-16 04:38:00,54241151682,-54253413017,3,3,3,3,54814499776,54827005991,55970596226051039
2026-06-16 04:39:00,19500495,-19504911,3,3,3,3,19500495,19504911,55970596226051039
2026-06-16 04:42:00,814484531,-814669041,3,3,3,3,814484531,814669041,55970596226051039
2026-06-16 04:46:00,4417942684,-4418865453,3,3,3,3,5194058116,5195311973,55970596226051039
2026-06-16 04:49:00,-39601376,39618264,3,3,3,3,39601376,39618264,55970596226051039
2026-06-16 04:50:00,-202079069,202165246,3,3,3,3,202079069,202165246,55970596226051039
2026-06-16 04:51:00,1400748153,-1401065209,3,3,3,3,1400748153,1401065209,55970596226051039
2026-06-16 04:52:00,-1408744842,1409345565,3,3,3,3,1408744842,1409345565,55970596226051039
2026-06-16 04:56:00,-39492343,39509185,3,3,3,3,39492343,39509185,55970596226051039
2026-06-16 04:58:00,-691534800,691867521,3,3,3,3,1069449252,1069867521,55970596226051039
2026-06-16 05:01:00,-352853181,353003667,3,3,3,3,352853181,353003667,55970596226051039
2026-06-16 05:04:00,-39475284,39492121,3,3,3,3,39475284,39492121,55970596226051039
2026-06-16 05:05:00,-317768038,317903566,3,3,3,3,317768038,317903566,55970596226051039
2026-06-16 05:06:00,-88113017,88150599,3,3,3,3,88113017,88150599,55970596226051039
2026-06-16 05:07:00,-275413,275531,3,3,3,3,275413,275531,55970596226051039
2026-06-16 05:08:00,-666267382,666551557,3,3,3,3,666267382,666551557,55970596226051039
2026-06-16 05:09:00,-1730886775,1731625102,3,3,3,3,1730886775,1731625102,55970596226051039
2026-06-16 05:12:00,-5155186828,5157386451,3,3,3,3,5155186828,5157386451,55970596226051039
2026-06-16 05:14:00,-308212998,308344538,3,3,3,3,308212998,308344538,55970596226051039
2026-06-16 05:19:00,-9908270,9912500,3,3,3,3,9908270,9912500,55970596226051039
2026-06-16 05:20:00,-41894832,41912714,3,3,3,3,41894832,41912714,55970596226051039
2026-06-16 05:22:00,-69119264129,69148848700,3,3,3,3,69119264129,69148848700,55970596226051039
2026-06-16 05:23:00,113889500,-113915601,3,3,3,3,113889500,113915601,55970596226051039
2026-06-16 05:26:00,-1980381,1981232,3,3,3,3,1980381,1981232,55970596226051039
2026-06-16 05:29:00,528890930,-529012134,3,3,3,3,528890930,529012134,55970596226051039
2026-06-16 05:30:00,1925422487,-1925863647,3,3,3,3,1925422487,1925863647,55970596226051039
2026-06-16 05:37:00,-69544035,69573882,3,3,3,3,69544035,69573882,55970596226051039
2026-06-16 05:39:00,-1000000000,1000429187,3,3,3,3,1000000000,1000429187,55970596226051039
2026-06-16 05:40:00,1265773460,-1266063455,3,3,3,3,1265773460,1266063455,55970596226051039
2026-06-16 05:41:00,17438380,-17442374,3,3,3,3,17438380,17442374,55970596226051039
2026-06-16 05:43:00,-70157524,70187634,3,3,3,3,70157524,70187634,55970596226051039
2026-06-16 05:46:00,-69889688,69919683,3,3,3,3,69889688,69919683,55970596226051039
2026-06-16 05:49:00,192965558,-193005154,3,3,3,3,239017424,239076786,55970596226051039
2026-06-16 05:50:00,-36975349,36991219,3,3,3,3,36975349,36991219,55970596226051039
2026-06-16 05:52:00,-69892143,69922139,3,3,3,3,69892143,69922139,55970596226051039
2026-06-16 05:54:00,2708923200,-2709543640,3,3,3,3,2708923200,2709543640,55970596226051039
2026-06-16 05:56:00,2253606437,-2254094103,3,3,3,3,2536393563,2537002541,55970596226051039
2026-06-16 05:57:00,2695206611,-2695823432,3,3,3,3,2695206611,2695823432,55970596226051039
2026-06-16 06:01:00,-519776495,519999427,3,3,3,3,519776495,519999427,55970596226051039
2026-06-16 06:05:00,-708607426,708911362,3,3,3,3,708607426,708911362,55970596226051039
2026-06-16 06:06:00,-2848777927,2850000000,3,3,3,3,2848777927,2850000000,55970596226051039
2026-06-16 06:09:00,5330625,-5331844,3,3,3,3,5330625,5331844,55970596226051039
2026-06-16 06:10:00,-212014638096,212106402766,3,3,3,3,212014638096,212106402766,55970596226051039
2026-06-16 06:13:00,-69826154,69856642,3,3,3,3,69826154,69856642,55970596226051039
2026-06-16 06:14:00,-131657427,131714912,3,3,3,3,131657427,131714912,55970596226051039
2026-06-16 06:17:00,2808613202,-2809277416,3,3,3,3,2808613202,2809277416,55970596226051039
2026-06-16 06:25:00,-3000900000,3002210113,3,3,3,3,3000900000,3002210113,55970596226051039
2026-06-16 06:27:00,-176207832,176342432,3,3,3,3,752596266,752867206,55970596226051039
2026-06-16 06:28:00,-48579988,48601201,3,3,3,3,48579988,48601201,55970596226051039
2026-06-16 06:29:00,545947180,-546076321,3,3,3,3,545947180,546076321,55970596226051039
2026-06-16 06:32:00,-300204549,300335625,3,3,3,3,300204549,300335625,55970596226051039
2026-06-16 06:34:00,-770070843,770407087,3,3,3,3,770070843,770407087,55970596226051039
2026-06-16 06:36:00,-415100468,415300981,3,3,3,3,607554936,607800981,55970596226051039
2026-06-16 06:38:00,-39529072,39546334,3,3,3,3,39529072,39546334,55970596226051039
2026-06-16 06:40:00,-29986905,30000000,3,3,3,3,29986905,30000000,55970596226051039
2026-06-16 06:41:00,474413501,-474525739,3,3,3,3,474413501,474525739,55970596226051039
2026-06-16 06:42:00,15851903503,-15855634498,3,3,3,3,15998838093,16002633166,55970596226051039
2026-06-16 06:43:00,104719346,-104744060,3,3,3,3,104719346,104744060,55970596226051039
2026-06-16 06:44:00,-70198507,70229120,3,3,3,3,70198507,70229120,55970596226051039
2026-06-16 06:45:00,600663250,-600805004,3,3,3,3,600663250,600805004,55970596226051039
2026-06-16 06:48:00,-1650000,1650721,3,3,3,3,1650000,1650721,55970596226051039
2026-06-16 06:51:00,-15140950569,15147557098,3,3,3,3,15140950569,15147557098,55970596226051039
2026-06-16 06:53:00,-3118549135,3119970721,3,3,3,3,3716664221,3718227347,55970596226051039
2026-06-16 06:55:00,-39585127,39602416,3,3,3,3,39585127,39602416,55970596226051039
2026-06-16 06:59:00,1769791398,-1770210147,3,3,3,3,1769791398,1770210147,55970596226051039
2026-06-16 07:02:00,310240000,-310313394,3,3,3,3,310240000,310313394,55970596226051039
2026-06-16 07:04:00,-1267391823,1267945252,3,3,3,3,1267391823,1267945252,55970596226051039
2026-06-16 07:06:00,97442576,-97465631,3,3,3,3,97442576,97465631,55970596226051039
2026-06-16 07:08:00,4056159688,-4057119117,3,3,3,3,4056159688,4057119117,55970596226051039
2026-06-16 07:09:00,-753889555,754218670,3,3,3,3,753889555,754218670,55970596226051039
2026-06-16 07:11:00,1004479453,-1004716985,3,3,3,3,1004479453,1004716985,55970596226051039
2026-06-16 07:14:00,-8579534,8583280,3,3,3,3,8579534,8583280,55970596226051039
2026-06-16 07:21:00,-9862982,9867288,3,3,3,3,9862982,9867288,55970596226051039
2026-06-16 07:24:00,-1258950944,1259500547,3,3,3,3,1258950944,1259500547,55970596226051039
2026-06-16 07:25:00,-39604811,39622103,3,3,3,3,39604811,39622103,55970596226051039
2026-06-16 07:26:00,288219851,-288288014,3,3,3,3,288219851,288288014,55970596226051039
2026-06-16 07:28:00,1770000000,-1770418534,3,3,3,3,1770000000,1770418534,55970596226051039
2026-06-16 07:31:00,-999563,1000000,3,3,3,3,999563,1000000,55970596226051039
2026-06-16 07:32:00,2030999999,-2031480111,3,3,3,3,2030999999,2031480111,55970596226051039
2026-06-16 07:33:00,-1429666300,1430290292,3,3,3,3,1429666300,1430290292,55970596226051039
2026-06-16 07:36:00,-750668914,750996580,3,3,3,3,750668914,750996580,55970596226051039
2026-06-16 07:37:00,-732955073,733275027,3,3,3,3,732955073,733275027,55970596226051039
2026-06-16 07:46:00,-694877,695181,3,3,3,3,694877,695181,55970596226051039
2026-06-16 07:47:00,31486000800,-31493428262,3,3,3,3,31486000800,31493428262,55970596226051039
2026-06-16 07:49:00,-41000567,41018420,3,3,3,3,41000567,41018420,55970596226051039
2026-06-16 07:50:00,-79451794,79486390,3,3,3,3,79451794,79486390,55970596226051039
2026-06-16 07:52:00,27687849,-27694364,3,3,3,3,27687849,27694364,55970596226051039
2026-06-16 07:53:00,-1012419712,1012860554,3,3,3,3,1012419712,1012860554,55970596226051039
2026-06-16 08:00:00,-17992165,18000000,3,3,3,3,17992165,18000000,55970596226051039
2026-06-16 08:02:00,-433582905,433865309,3,3,3,3,1369163397,1369666003,55970596226051039
2026-06-16 08:03:00,-10995211,11000000,3,3,3,3,10995211,11000000,55970596226051039
2026-06-16 08:05:00,88683387,-88704261,3,3,3,3,88683387,88704261,55970596226051039
2026-06-16 08:06:00,449832438,-449934718,3,3,3,3,485816768,485934718,55970596226051039
2026-06-16 08:07:00,464295590,-464404128,3,3,3,3,471667126,471778876,55970596226051039
2026-06-16 08:08:00,166045994,-166058197,3,3,3,3,434688580,434817761,55970596226051039
2026-06-16 08:10:00,-348988873,349140836,3,3,3,3,348988873,349140836,55970596226051039
2026-06-16 08:12:00,-958417209,958834560,3,3,3,3,958417209,958834560,55970596226051039
2026-06-16 08:13:00,-538851900,539086561,3,3,3,3,538851900,539086561,55970596226051039
2026-06-16 08:14:00,1610120300,-1610499298,3,3,3,3,1610120300,1610499298,55970596226051039
2026-06-16 08:15:00,-289978747,290105016,3,3,3,3,289978747,290105016,55970596226051039
2026-06-16 08:16:00,-3069420269,3070757003,3,3,3,3,3069420269,3070757003,55970596226051039
2026-06-16 08:18:00,216502194,-216553173,3,3,3,3,216502194,216553173,55970596226051039
2026-06-16 08:19:00,-67470532045,67500000000,3,3,3,3,67470532045,67500000000,55970596226051039
2026-06-16 08:20:00,-99856266,99900000,3,3,3,3,99856266,99900000,55970596226051039
2026-06-16 08:22:00,-1799211954,1800000000,3,3,3,3,1799211954,1800000000,55970596226051039
2026-06-16 08:24:00,-3860084309,3861775400,3,3,3,3,3860084309,3861775400,55970596226051039
2026-06-16 08:25:00,-1197875007,1198399902,3,3,3,3,1197875007,1198399902,55970596226051039
2026-06-16 08:27:00,-5268983843,5271481404,3,3,3,3,7149751939,7152697682,55970596226051039
2026-06-16 08:28:00,-70822704,70853754,3,3,3,3,70822704,70853754,55970596226051039
2026-06-16 08:30:00,-710820440,711134749,3,3,3,3,737545260,737865935,55970596226051039
2026-06-16 08:31:00,-464101835,464305672,3,3,3,3,467662727,467867410,55970596226051039
2026-06-16 08:33:00,2696000000,-2696642497,3,3,3,3,2696000000,2696642497,55970596226051039
2026-06-16 08:34:00,-15713549867,15720799988,3,3,3,3,19289730119,19297832208,55970596226051039
2026-06-16 08:37:00,24009943541,-24015653479,3,3,3,3,24150056459,24155827775,55970596226051039
2026-06-16 08:39:00,594595735,-594736423,3,3,3,3,602592231,602736423,55970596226051039
2026-06-16 08:41:00,-916318622,916720010,3,3,3,3,916318622,916720010,55970596226051039
2026-06-16 08:42:00,-130887961944,130946968084,3,3,3,3,144514246938,144576529656,55970596226051039
2026-06-16 08:43:00,-21190610056,21200000000,3,3,3,3,21190610056,21200000000,55970596226051039
2026-06-16 08:44:00,461548693,-461659805,3,3,3,3,473862715,473979289,55970596226051039
2026-06-16 08:45:00,309702733,-309778112,3,3,3,3,309702733,309778112,55970596226051039
2026-06-16 08:46:00,-39852059944,39869761509,3,3,3,3,39852059944,39869761509,55970596226051039
2026-06-16 08:48:00,1722845086,-1723266809,3,3,3,3,1722845086,1723266809,55970596226051039
2026-06-16 08:51:00,-11733884994,11739107075,3,3,3,3,11733884994,11739107075,55970596226051039
2026-06-16 08:52:00,-1356137223,1356741081,3,3,3,3,1356137223,1356741081,55970596226051039
2026-06-16 08:53:00,721595720,-721772629,3,3,3,3,721895720,722072765,55970596226051039
2026-06-16 08:56:00,514714442,-514840642,3,3,3,3,514714442,514840642,55970596226051039
2026-06-16 08:57:00,-98206272,98250000,3,3,3,3,98206272,98250000,55970596226051039
2026-06-16 08:58:00,-536538651,536777556,3,3,3,3,536538651,536777556,55970596226051039
2026-06-16 08:59:00,429735588,-429840955,3,3,3,3,429735588,429840955,55970596226051039
2026-06-16 09:00:00,4000000,-4000980,3,3,3,3,4000000,4000980,55970596226051039
2026-06-16 09:02:00,-532839597,533076857,3,3,3,3,532839597,533076857,55970596226051039
2026-06-16 09:03:00,1414225326,-1414354944,3,3,3,3,3584549180,3585645056,55970596226051039
2026-06-16 09:04:00,-399821983,400000000,3,3,3,3,399821983,400000000,55970596226051039
2026-06-16 09:06:00,1354419,-1354750,3,3,3,3,1354419,1354750,55970596226051039
2026-06-16 09:08:00,-917886524,918295226,3,3,3,3,917886524,918295226,55970596226051039
2026-06-16 09:10:00,-1650324165717,1651107893590,4,4,4,4,1650324165717,1651107893590,32191993421118998
2026-06-16 09:12:00,-978500699,978997198,4,4,4,4,978500699,978997198,32191993421118998
2026-06-16 09:28:00,-38507752,38527293,4,4,4,4,38507752,38527293,32191993421118998
2026-06-16 09:30:00,-8607344933,8611714947,4,4,4,4,8607344933,8611714947,32191993421118998
2026-06-16 09:33:00,-88726104,88771177,4,4,4,4,88726104,88771177,32191993421118998
2026-06-16 09:34:00,-39405457,39425477,4,4,4,4,39405457,39425477,32191993421118998
2026-06-16 09:36:00,10000000000,-10003077385,4,4,4,4,10000000000,10003077385,65439188827913750
2026-06-16 09:39:00,4499359471,-4500742777,4,4,4,4,4499359471,4500742777,32191993421118998
2026-06-16 09:40:00,463603950,-463746410,4,4,4,4,463603950,463746410,32191993421118998
2026-06-16 09:41:00,-8997084246,9001651602,4,4,4,4,8997084246,9001651602,32191993421118998
2026-06-16 09:43:00,2621200000,-2622006687,4,4,4,4,2621200000,2622006687,32191993421118998
2026-06-16 09:45:00,-108345371,108801413,4,4,4,4,4116767205,4118456807,32191993421118998
2026-06-16 09:47:00,-100000000,100050779,4,4,4,4,100000000,100050779,32191993421118998
2026-06-16 09:48:00,-918265172,918731474,4,4,4,4,918265172,918731474,32191993421118998
2026-06-16 09:54:00,-1312592221,1313258857,4,4,4,4,1312592221,1313258857,32191993421118998
2026-06-16 09:55:00,6649621715,-6651667260,4,4,4,4,6649621715,6651667260,32191993421118998
2026-06-16 09:56:00,640999999,-641197037,4,4,4,4,640999999,641197037,32191993421118998
2026-06-16 09:57:00,31033389,-31042832,4,4,4,4,31969223,31979142,32191993421118998
2026-06-16 09:59:00,4498618,-4500000,4,4,4,4,4498618,4500000,32191993421118998
2026-06-16 10:05:00,-1136356,1136933,4,4,4,4,1136356,1136933,32191993421118998
2026-06-16 10:07:00,-10826778,10832273,4,4,4,4,10826778,10832273,32191993421118998
2026-06-16 10:08:00,6942665337,-6944798568,4,4,4,4,6942665337,6944798568,65252571844591126
2026-06-16 10:11:00,405539000,-405663559,4,4,4,4,405539000,405663559,32191993421118998
2026-06-16 10:12:00,195741688,-195801804,4,4,4,4,195741688,195801804,32191993421118998
2026-06-16 10:13:00,-10984015,10989587,4,4,4,4,10984015,10989587,32191993421118998
2026-06-16 10:15:00,465933066,-466076156,4,4,4,4,465933066,466076156,32191993421118998
2026-06-16 10:18:00,161633953,-161683588,4,4,4,4,161633953,161683588,32191993421118998
2026-06-16 10:20:00,1803633,-1804186,4,4,4,4,1803633,1804186,32191993421118998
2026-06-16 10:25:00,-12406494800,12412791829,4,4,4,4,12406494800,12412791829,32191993421118998
2026-06-16 10:28:00,3301151684,-3302167614,4,4,4,4,3301151684,3302167614,32191993421118998
2026-06-16 10:29:00,-919824153,920291212,4,4,4,4,919824153,920291212,32191993421118998
2026-06-16 10:31:00,33731466260,-33741817714,4,4,4,4,33810404222,33820795750,32191993421118998
2026-06-16 10:32:00,-78457702,78497955,4,4,4,4,83452954,83494737,32191993421118998
2026-06-16 10:33:00,-1533261633,1534038553,4,4,4,4,1533261633,1534038553,32191993421118998
2026-06-16 10:37:00,-457226569,457458279,4,4,4,4,457226569,457458279,32191993421118998
2026-06-16 10:38:00,279914155,-280000000,4,4,4,4,279914155,280000000,32191993421118998
2026-06-16 10:39:00,412437934,-412564414,4,4,4,4,412437934,412564414,32191993421118998
2026-06-16 10:40:00,185694037,-185750978,4,4,4,4,185694037,185750978,32191993421118998
2026-06-16 10:41:00,500000000,-500153312,4,4,4,4,500000000,500153312,32191993421118998
2026-06-16 10:42:00,-529022891,529290957,4,4,4,4,529022891,529290957,32191993421118998
2026-06-16 10:44:00,10000000000,-10003063315,4,4,4,4,10000000000,10003063315,32191993421118998
2026-06-16 10:45:00,26540674903,-26547806795,4,4,4,4,36218429897,36230442395,32191993421118998
2026-06-16 10:51:00,-17990924,18000000,4,4,4,4,17990924,18000000,32191993421118998
2026-06-16 10:53:00,-337533579,337703857,4,4,4,4,337533579,337703857,32191993421118998
2026-06-16 10:54:00,-64967224,65000000,4,4,4,4,64967224,65000000,32191993421118998
2026-06-16 10:55:00,-9994957,10000000,4,4,4,4,9994957,10000000,32191993421118998
2026-06-16 10:56:00,6000000000,-6001825269,4,4,4,4,6000000000,6001825269,32191993421118998
2026-06-16 10:57:00,-929142966,929611390,4,4,4,4,929142966,929611390,32191993421118998
2026-06-16 10:58:00,1792443338,-1792988288,4,4,4,4,1792443338,1792988288,32191993421118998
2026-06-16 10:59:00,-994303180,994805624,4,4,4,4,1006494628,1007000776,32191993421118998
2026-06-16 11:02:00,-38063825,38083015,4,4,4,4,38063825,38083015,32191993421118998
2026-06-16 11:03:00,1594434659,-1594919344,4,4,4,4,1594434659,1594919344,32191993421118998
2026-06-16 11:04:00,-137616962,137686326,4,4,4,4,137616962,137686326,32191993421118998
2026-06-16 11:05:00,300000000,-300091180,4,4,4,4,300000000,300091180,32191993421118998
2026-06-16 11:06:00,3390433302,-3391463564,4,4,4,4,3390433302,3391463564,64068348530015766
2026-06-16 11:07:00,-48542738,48567200,4,4,4,4,48542738,48567200,32191993421118998
2026-06-16 11:08:00,-491714034,492102406,4,4,4,4,1896879482,1897694846,32191993421118998
2026-06-16 11:12:00,5020595809,-5022120398,4,4,4,4,5022135059,5023660426,32191993421118998
2026-06-16 11:13:00,-5082439539,5085000027,4,4,4,4,5082439539,5085000027,32191993421118998
2026-06-16 11:14:00,-998751214,999254566,4,4,4,4,998751214,999254566,32191993421118998
2026-06-16 11:15:00,466456451,-466598207,4,4,4,4,466456451,466598207,32191993421118998
2026-06-16 11:18:00,-39334079,39353904,4,4,4,4,39334079,39353904,32191993421118998
2026-06-16 11:19:00,1749057573,-1749538793,4,4,4,4,2250942427,2251676531,32191993421118998
2026-06-16 11:21:00,1749708317,-1750239803,4,4,4,4,1749708317,1750239803,64021594120011286
2026-06-16 11:22:00,-1016480087,1016992245,4,4,4,4,1016480087,1016992245,32191993421118998
2026-06-16 11:23:00,-9970305,9975330,4,4,4,4,9970305,9975330,32191993421118998
2026-06-16 11:24:00,1000000000,-1000303762,4,4,4,4,1000000000,1000303762,32191993421118998
2026-06-16 11:26:00,-1209864935,1210474539,4,4,4,4,1209864935,1210474539,32191993421118998
2026-06-16 11:29:00,60887,-60904,4,4,4,4,60887,60904,32191993421118998
2026-06-16 11:30:00,-109441530,109496679,4,4,4,4,109441530,109496679,32191993421118998
2026-06-16 11:31:00,629808668,-630000000,4,4,4,4,629808668,630000000,32191993421118998
2026-06-16 11:32:00,-463713,463948,4,4,4,4,463713,463948,32191993421118998
2026-06-16 11:33:00,769083,-769316,4,4,4,4,769083,769316,32191993421118998
2026-06-16 11:35:00,2819203782,-2820060059,4,4,4,4,2819203782,2820060059,64018314845371926
2026-06-16 11:36:00,-1174887926,1175479851,4,4,4,4,1174887926,1175479851,32191993421118998
2026-06-16 11:39:00,272689780,-272772609,4,4,4,4,272689780,272772609,32191993421118998
2026-06-16 11:45:00,451128666,-451265686,4,4,4,4,451128666,451265686,32191993421118998
2026-06-16 11:48:00,97470399,-97500000,4,4,4,4,97470399,97500000,32191993421118998
2026-06-16 11:50:00,-39463482,39483365,4,4,4,4,39463482,39483365,32191993421118998
2026-06-16 11:53:00,51313840369,-51329343117,4,4,4,4,51313840369,51329343117,32191993421118998
2026-06-16 11:54:00,-1107008491,1107570303,4,4,4,4,1182874841,1183459455,32191993421118998
2026-06-16 11:57:00,-15428475,15436201,4,4,4,4,15428475,15436201,32191993421118998
2026-06-16 11:58:00,6977688100,-6979784020,4,4,4,4,6977688100,6979784020,32191993421118998
2026-06-16 11:59:00,451817705,-451953315,4,4,4,4,451817705,451953315,32191993421118998
2026-06-16 12:03:00,-245299316,245422023,4,4,4,4,245299316,245422023,32191993421118998
2026-06-16 12:04:00,10966981002,-10970255577,3,4,3,4,11111175310,11114522019,55970596226051039
2026-06-16 12:05:00,-1443682850,1444404426,3,3,3,3,1443682850,1444404426,55970596226051039
2026-06-16 12:06:00,-977264160,977846278,3,3,3,3,1913058988,1913921602,55970596226051039
2026-06-16 12:07:00,-39685977,39705816,3,3,3,3,39685977,39705816,55970596226051039
2026-06-16 12:10:00,-904461421,904913557,3,3,3,3,904461421,904913557,55970596226051039
2026-06-16 12:12:00,-194461109,194558324,3,3,3,3,194461109,194558324,55970596226051039
2026-06-16 12:13:00,-5989215527,5992210290,4,3,3,4,5989215527,5992210290,32191993421118998
2026-06-16 12:14:00,1665000480,-1665500000,3,4,3,4,1665000480,1665500000,55970596226051039
2026-06-16 12:17:00,8097572,-8100000,3,3,3,3,8097572,8100000,55970596226051039
2026-06-16 12:18:00,-8470058,8474296,3,3,3,3,8470058,8474296,55970596226051039
2026-06-16 12:19:00,-266535830,266669119,3,3,3,3,266535830,266669119,55970596226051039
2026-06-16 12:20:00,-51521503,51547269,3,3,3,3,51521503,51547269,55970596226051039
2026-06-16 12:21:00,-699650108,700000000,3,3,3,3,699650108,700000000,55970596226051039
2026-06-16 12:22:00,-68317159,68445751,4,4,4,4,1012095477,1012507231,32191993421118998
2026-06-16 12:23:00,1510785298,-1511167108,3,4,3,4,2224574702,2225313498,55970596226051039
2026-06-16 12:26:00,-267915939839,268052133702,4,4,4,4,267915939839,268052133702,32191993421118998
2026-06-16 12:28:00,-96976309059,97026773392,4,4,4,4,97644657195,97695337148,32191993421118998
2026-06-16 12:29:00,-105078634588,105134033906,4,4,4,4,106389482676,106445313352,32191993421118998
2026-06-16 12:30:00,-1507191150,1507988881,4,4,4,4,1507191150,1507988881,32191993421118998
2026-06-16 12:31:00,-10736266964,10741965026,4,4,4,4,10850706180,10856441918,32191993421118998
2026-06-16 12:32:00,-140384317906,140459333875,4,4,4,4,140384317906,140459333875,32191993421118998
2026-06-16 12:35:00,-821004389,821446707,4,4,4,4,821004389,821446707,32191993421118998
2026-06-16 12:36:00,605237960,-605442929,4,4,4,4,605237960,605442929,32191993421118998
2026-06-16 12:37:00,3297250263,-3298366508,4,4,4,4,3297250263,3298366508,32191993421118998
2026-06-16 12:39:00,-106964519222,107022478938,4,4,4,4,106964519222,107022478938,32191993421118998
2026-06-16 12:40:00,4792848764,-4794501991,4,4,4,4,4792848764,4794501991,32191993421118998
2026-06-16 12:41:00,-12307179681,12313890410,4,4,4,4,12307179681,12313890410,32191993421118998
2026-06-16 12:42:00,-99945464,100000000,4,4,4,4,99945464,100000000,32191993421118998
2026-06-16 12:43:00,-53224328,53253372,4,4,4,4,53224328,53253372,32191993421118998
2026-06-16 12:44:00,-41075071,41097485,4,4,4,4,41075071,41097485,32191993421118998
2026-06-16 12:45:00,-109218175,109277773,4,4,4,4,109218175,109277773,32191993421118998
2026-06-16 12:47:00,581750383,-581951407,4,4,4,4,581750383,581951407,32191993421118998
2026-06-16 12:49:00,-146110194,146291118,4,4,4,4,1157596164,1158126614,32191993421118998
2026-06-16 12:50:00,-2017127979,2018228739,4,4,4,4,2017127979,2018228739,32191993421118998
2026-06-16 12:53:00,431146990,-430660520,4,4,4,4,6782956194,6785936974,32191993421118998
2026-06-16 12:54:00,-2140537841,2141706168,4,4,4,4,2140537841,2141706168,32191993421118998
2026-06-16 12:55:00,-4454818204,4457250598,4,4,4,4,4454818204,4457250598,32191993421118998
2026-06-16 12:56:00,-19614695,19854352,4,4,4,4,2307901347,2308932788,32191993421118998
2026-06-16 12:57:00,1249497703,-1249930048,4,4,4,4,1249497703,1249930048,32191993421118998
2026-06-16 12:58:00,-681668385,682040643,4,4,4,4,681668385,682040643,32191993421118998
2026-06-16 13:00:00,34410000,-34421906,4,4,4,4,34410000,34421906,32191993421118998
2026-06-16 13:01:00,-173660159,173755001,4,4,4,4,173660159,173755001,32191993421118998
2026-06-16 13:02:00,-39486225,39507790,4,4,4,4,39486225,39507790,32191993421118998
2026-06-16 13:03:00,2986833871,-2987867126,4,4,4,4,2986833871,2987867126,32191993421118998
2026-06-16 13:04:00,129405908,-129450296,4,4,4,4,133041998,133088372,32191993421118998
2026-06-16 13:05:00,-1000000,1000547,4,4,4,4,1000000,1000547,32191993421118998
2026-06-16 13:06:00,-130880570,130952024,4,4,4,4,130880570,130952024,32191993421118998
2026-06-16 13:07:00,-252598123,252736031,4,4,4,4,252598123,252736031,32191993421118998
2026-06-16 13:09:00,30502518,-30513066,4,4,4,4,30502518,30513066,32191993421118998
2026-06-16 13:10:00,1693439886,-1693828816,4,4,4,4,3659144490,3660606676,32191993421118998
2026-06-16 13:11:00,74418900,-74444630,4,4,4,4,74418900,74444630,32191993421118998
2026-06-16 13:12:00,-494729944,494999999,4,4,4,4,494729944,494999999,32191993421118998
2026-06-16 13:14:00,-1000000,1000547,4,4,4,4,1000000,1000547,32191993421118998
2026-06-16 13:15:00,-463235087,463487964,4,4,4,4,463235087,463487964,32191993421118998
2026-06-16 13:16:00,-495111646,495381940,4,4,4,4,495111646,495381940,32191993421118998
2026-06-16 13:19:00,-69859637,69897777,4,4,4,4,69859637,69897777,32191993421118998
2026-06-16 13:20:00,1999500613,-2000192001,4,4,4,4,1999500613,2000192001,32191993421118998
2026-06-16 13:24:00,1473825461,-1474290515,4,4,4,4,1917651055,1918358327,32191993421118998
2026-06-16 13:25:00,-573462035,573775000,4,4,4,4,573462035,573775000,32191993421118998
2026-06-16 13:26:00,-723698557,724093542,4,4,4,4,723698557,724093542,32191993421118998
2026-06-16 13:27:00,-963845892,964371997,4,4,4,4,963845892,964371997,32191993421118998
2026-06-16 13:28:00,-979645208,980179995,4,4,4,4,979645208,980179995,32191993421118998
2026-06-16 13:29:00,626438394,-626655022,4,4,4,4,626438394,626655022,32191993421118998
2026-06-16 13:30:00,-69959743,69997934,4,4,4,4,69959743,69997934,32191993421118998
2026-06-16 13:31:00,-281079079,281232545,4,4,4,4,281279011,281432545,32191993421118998
2026-06-16 13:32:00,-40663754318,40686004507,4,4,4,4,40663754318,40686004507,32191993421118998
2026-06-16 13:34:00,-2715011876,2716501125,4,4,4,4,2715011876,2716501125,32191993421118998
2026-06-16 13:35:00,-1023433610,1023995108,4,4,4,4,1023433610,1023995108,32191993421118998
2026-06-16 13:36:00,-42012816849,42035922959,4,4,4,4,42012816849,42035922959,32191993421118998
2026-06-16 13:37:00,-140607949430,140686078929,4,4,4,4,140607949430,140686078929,32191993421118998
2026-06-16 13:38:00,-139323549720,139402178006,4,4,4,4,139323549720,139402178006,32191993421118998
2026-06-16 13:39:00,-1313268871,1314015769,4,4,4,4,1313268871,1314015769,32191993421118998
2026-06-16 13:40:00,-64133182,64169660,4,4,4,4,64133182,64169660,32191993421118998
2026-06-16 13:41:00,-80027019,80072538,4,4,4,4,80027019,80072538,32191993421118998
2026-06-16 13:42:00,-24500000,24513936,4,4,4,4,24500000,24513936,32191993421118998
2026-06-16 13:44:00,-39179883,39202169,4,4,4,4,39179883,39202169,32191993421118998
2026-06-16 13:45:00,-124269419514,124340763681,4,4,4,4,126085299296,126157327019,32191993421118998
2026-06-16 13:46:00,-339191645243,339390829559,4,4,4,4,339791645243,339991055425,32191993421118998
2026-06-16 13:47:00,254016995,-254117962,4,4,4,4,254016995,254117962,32191993421118998
2026-06-16 13:49:00,-214969766,215098231,4,4,4,4,214969766,215098231,32191993421118998
2026-06-16 13:51:00,-757941773,758394738,4,4,4,4,757941773,758394738,32191993421118998
2026-06-16 13:53:00,-756757817,757236913,4,4,4,4,1024651307,1025236913,32191993421118998
2026-06-16 13:56:00,-170358365,170460190,4,4,4,4,170358365,170460190,32191993421118998
2026-06-16 13:57:00,597076310,-597313692,4,4,4,4,597076310,597313692,32191993421118998
2026-06-16 13:58:00,-82586135,82635497,4,4,4,4,82586135,82635497,32191993421118998
2026-06-16 13:59:00,-341281497,341485476,4,4,4,4,341281497,341485476,32191993421118998
2026-06-16 14:01:00,-364855441,365087079,4,4,4,4,500391607,500677131,32191993421118998
2026-06-16 14:02:00,130924314,-130962517,4,4,4,4,269352526,269473471,32191993421118998
2026-06-16 14:04:00,2475167676,-2475956932,4,4,4,4,4420817320,4422769564,32191993421118998
2026-06-16 14:06:00,-353191690,353402926,4,4,4,4,354990976,355202926,32191993421118998
2026-06-16 14:07:00,-2375501111,2376920828,4,4,4,4,2375501111,2376920828,32191993421118998
2026-06-16 14:12:00,200000000,-200079521,4,4,4,4,200000000,200079521,32191993421118998
2026-06-16 14:13:00,-58024032,58058714,4,4,4,4,58024032,58058714,32191993421118998
2026-06-16 14:14:00,13440624894,-13445881406,4,4,4,4,14259375106,14265121012,32191993421118998
2026-06-16 14:15:00,615735504,-615979796,4,4,4,4,615735504,615979796,32191993421118998
2026-06-16 14:16:00,1579977203,-1580396463,4,4,4,4,3653667565,3655324555,32191993421118998
2026-06-16 14:17:00,-840291869,840832486,4,4,4,4,1231627167,1232322996,32191993421118998
2026-06-16 14:20:00,4000000000,-4001586240,4,4,4,4,4000000000,4001586240,32191993421118998
2026-06-16 14:22:00,278639540,-278750000,4,4,4,4,278639540,278750000,32191993421118998
2026-06-16 14:23:00,-16341591,16351341,4,4,4,4,16341591,16351341,32191993421118998
2026-06-16 14:24:00,-399761525,400000000,4,4,4,4,399761525,400000000,32191993421118998
2026-06-16 14:25:00,-1160128893,1160821015,4,4,4,4,1160128893,1160821015,32191993421118998
2026-06-16 14:27:00,5699335687,-5701594558,4,4,4,4,5699335687,5701594558,32191993421118998
2026-06-16 14:28:00,2234518859,-2235403935,4,4,4,4,2234518859,2235403935,32191993421118998
2026-06-16 14:29:00,-367015412,367234207,4,4,4,4,367015412,367234207,32191993421118998
2026-06-16 14:30:00,-1412791941,1413634249,4,4,4,4,1412791941,1413634249,32191993421118998
2026-06-16 14:31:00,-248907675,249388461,4,4,4,4,3570814611,3572611143,32191993421118998
2026-06-16 14:34:00,-6879726,6884230,4,4,4,4,10878144,10884230,32191993421118998
2026-06-16 14:36:00,-37921725,37944337,4,4,4,4,37921725,37944337,32191993421118998
2026-06-16 14:39:00,-167316781,167416548,4,4,4,4,167316781,167416548,32191993421118998
2026-06-16 14:40:00,3589404049,-3590825636,4,4,4,4,3589404049,3590825636,32191993421118998
2026-06-16 14:41:00,-68722774,68763737,4,4,4,4,68722774,68763737,32191993421118998
2026-06-16 14:42:00,-1790940270,1792007866,4,4,4,4,1790940270,1792007866,32191993421118998
2026-06-16 14:45:00,20301520,-20307207,4,4,4,4,43801520,43821219,32191993421118998
2026-06-16 14:46:00,-11550000,11556888,4,4,4,4,11550000,11556888,32191993421118998
2026-06-16 14:47:00,499803,-500000,4,4,4,4,499803,500000,32191993421118998
2026-06-16 14:49:00,-1427311584,1428162560,4,4,4,4,1427311584,1428162560,32191993421118998
2026-06-16 14:53:00,208051759,-208134175,4,4,4,4,208051759,208134175,32191993421118998
2026-06-16 14:54:00,3988027844,-3989607127,4,4,4,4,3988027844,3989607127,32191993421118998
2026-06-16 14:56:00,-69322470,69363787,4,4,4,4,69322470,69363787,32191993421118998
2026-06-16 14:57:00,-225544998,225679424,4,4,4,4,225544998,225679424,32191993421118998
2026-06-16 14:58:00,-9745646,9751456,4,4,4,4,9745646,9751456,32191993421118998
2026-06-16 15:00:00,-6161805399,6165479083,4,4,4,4,6161805399,6165479083,32191993421118998
2026-06-16 15:01:00,635000000,-635251628,4,4,4,4,635000000,635251628,32191993421118998
2026-06-16 15:05:00,-44850000,44876747,4,4,4,4,44850000,44876747,32191993421118998
2026-06-16 15:06:00,-2498509,2500000,4,4,4,4,2498509,2500000,32191993421118998
2026-06-16 15:07:00,-695845462,696260451,4,4,4,4,695845462,696260451,32191993421118998
2026-06-16 15:08:00,4998020,-5000000,4,4,4,4,4998020,5000000,32191993421118998
2026-06-16 15:09:00,1133636089,-1134085297,4,4,4,4,1133636089,1134085297,32191993421118998
2026-06-16 15:11:00,1000000000,-1000396189,4,4,4,4,1000000000,1000396189,32191993421118998
2026-06-16 15:18:00,-2400000000,2401431223,4,4,4,4,2400000000,2401431223,32191947086842714
2026-06-16 15:19:00,3747865,-3749350,4,4,4,4,3747865,3749350,32191947086842714
2026-06-16 15:21:00,2525061235,-2526061736,4,4,4,4,2525061235,2526061736,32191947086842714
2026-06-16 15:23:00,-277188720,277354000,4,4,4,4,277188720,277354000,32191947086842714
2026-06-16 15:24:00,-60000000,60035778,4,4,4,4,60000000,60035778,32191947086842714
2026-06-16 15:25:00,778710150,-779018632,4,4,4,4,778710150,779018632,32191947086842714
2026-06-16 15:27:00,1827114867,-1827838524,4,4,4,4,1827114867,1827838524,32191947086842714
2026-06-16 15:32:00,34974134012,-34987940899,4,4,4,4,35025865988,35039703717,32191947086842714
2026-06-16 15:33:00,483569472,-483759911,4,4,4,4,483569472,483759911,32191947086842714
2026-06-16 15:34:00,315105877,-315227983,4,4,4,4,334894123,335027983,32191947086842714
2026-06-16 15:35:00,1768076105,-1768769215,4,4,4,4,1798399949,1799111071,32191947086842714
2026-06-16 15:37:00,-65960833,66000000,4,4,4,4,65960833,66000000,32191947086842714
2026-06-16 15:44:00,-223013172,223145597,4,4,4,4,223013172,223145597,32191947086842714
2026-06-16 15:45:00,-757453008,757902805,4,4,4,4,757453008,757902805,32191947086842714
2026-06-16 15:48:00,47086918,-47091548,4,4,4,4,186090010,186177190,32191947086842714
2026-06-16 15:49:00,-69523805,69565093,4,4,4,4,69523805,69565093,32191947086842714
2026-06-16 15:50:00,-108535480,108599936,4,4,4,4,108535480,108599936,32191947086842714
2026-06-16 15:51:00,704732935,-705010406,4,4,4,4,704732935,705010406,32191947086842714
2026-06-16 15:54:00,-14950000,14958878,4,4,4,4,14950000,14958878,32191947086842714
2026-06-16 15:55:00,639363943,-639532702,4,4,4,4,1468377195,1469038194,32191947086842714
2026-06-16 15:58:00,137679245,-137733444,4,4,4,4,137679245,137733444,32191947086842714
2026-06-16 15:59:00,1574287791,-1574895545,4,4,4,4,1693192547,1693870905,32191947086842714
2026-06-16 16:00:00,-336322801,336522470,4,4,4,4,336322801,336522470,32191947086842714
2026-06-16 16:01:00,-38218075,38240766,4,4,4,4,38218075,38240766,32191947086842714
2026-06-16 16:02:00,-479711645,479996454,4,4,4,4,479711645,479996454,32191947086842714
2026-06-16 16:06:00,234227054,-234293073,4,4,4,4,495794904,496016219,32191947086842714
2026-06-16 16:07:00,-125000000,125074215,4,4,4,4,125000000,125074215,32191947086842714
2026-06-16 16:09:00,-106344287156,106407777080,5,5,5,5,106344287156,106407777080,20403403399831931
2026-06-16 16:12:00,18345318317,-18352651923,4,4,4,4,18345318317,18352651923,42336636371494384
2026-06-16 16:16:00,340642633,-340778450,4,4,4,4,342641267,342778284,42336636371494384
2026-06-16 16:17:00,571000000,-571227989,4,4,4,4,571000000,571227989,42336636371494384
2026-06-16 16:18:00,-2500000,2501500,4,4,4,4,2500000,2501500,42336636371494384
2026-06-16 16:20:00,29589423688,-29601210914,4,4,4,4,29718634322,29730498874,41954267765400438
2026-06-16 16:21:00,48591935651,-48611211551,4,4,4,4,48824310695,48843725119,41954267765400438
2026-06-16 16:27:00,-1496139548,1497031479,4,4,4,4,1496139548,1497031479,41974387709787247
2026-06-16 16:28:00,-952607928,953175885,4,4,4,4,952607928,953175885,41974387709787247
2026-06-16 16:29:00,-77849167,77895585,4,4,4,4,77849167,77895585,41974387709787247
2026-06-16 16:30:00,166529326,-166595290,4,4,4,4,166529326,166595290,41974387709787247
2026-06-16 16:31:00,-2806900651,2808574401,4,4,4,4,2806900651,2808574401,41974387709787247
2026-06-16 16:36:00,-77159858,77205876,4,4,4,4,77159858,77205876,41974387709787247
2026-06-16 16:38:00,-1412976121,1413818824,4,4,4,4,1412976121,1413818824,41974387709787247
2026-06-16 16:39:00,-215135248,215263565,4,4,4,4,215135248,215263565,41974387709787247
2026-06-16 16:40:00,-1107085538,1107745886,4,4,4,4,1107085538,1107745886,41974387709787247
2026-06-16 16:41:00,107063000,-107105437,4,4,4,4,107063000,107105437,41974387709787247
2026-06-16 16:43:00,-468540552,468820040,4,4,4,4,468540552,468820040,41974387709787247
2026-06-16 16:46:00,1645070060,-1645674655,4,4,4,4,2119355608,2120243127,41974387709787247
2026-06-16 16:49:00,-74145476,74189700,4,4,4,4,74145476,74189700,41974387709787247
2026-06-16 16:50:00,500000000,-500198159,4,4,4,4,500000000,500198159,41974387709787247
2026-06-16 16:51:00,-1497722422,1498634982,4,4,4,4,1689982464,1690971214,41974387709787247
2026-06-16 16:53:00,-39323087,39346544,4,4,4,4,39323087,39346544,41974387709787247
2026-06-16 16:56:00,-469719811,470000000,4,4,4,4,469719811,470000000,41974387709787247
2026-06-16 17:00:00,-1350357860,1351176590,4,4,4,4,1482059762,1482930704,41974387709787247
2026-06-16 17:01:00,-148711281,148800000,4,4,4,4,148711281,148800000,41974387709787247
2026-06-16 17:02:00,-4228790498,4231323359,4,4,4,4,4324752454,4327323359,41974387709787247
2026-06-16 17:04:00,-3504857836,3506949780,4,4,4,4,3504857836,3506949780,41974387709787247
2026-06-16 17:05:00,-69751406,69793046,4,4,4,4,69751406,69793046,41974387709787247
2026-06-16 17:09:00,-720198081,720628021,4,4,4,4,720198081,720628021,41974387709787247
2026-06-16 17:11:00,1779680593,-1780386838,4,4,4,4,1779680593,1780386838,41974387709787247
2026-06-16 17:13:00,-560078329,560432663,4,4,4,4,760078329,760512027,41974387709787247
2026-06-16 17:14:00,213155212,-213234793,4,4,4,4,263125382,263234793,41974387709787247
2026-06-16 17:15:00,-95026961,95083687,4,4,4,4,95026961,95083687,41974387709787247
2026-06-16 17:16:00,500000000,-500198402,4,4,4,4,500000000,500198402,41974387709787247
2026-06-16 17:18:00,25197404982,-25207388021,4,4,4,4,25197404982,25207388021,41974387709787247
2026-06-16 17:21:00,9905211378,-9909108498,4,4,4,4,10094788622,10098798586,41974387709787247
2026-06-16 17:25:00,8468565,-8470910,4,4,4,4,18462615,18470910,41974387709787247
2026-06-16 17:26:00,247499077,-247596867,4,4,4,4,247499077,247596867,41974387709787247
2026-06-16 17:27:00,310935093,-311057943,4,4,4,4,310935093,311057943,41974387709787247
2026-06-16 17:28:00,-312672429,312952115,4,4,4,4,1247951829,1248601027,41974387709787247
2026-06-16 17:29:00,-42974420,43000000,4,4,4,4,42974420,43000000,41974387709787247
2026-06-16 17:32:00,521440000,-521646019,4,4,4,4,521440000,521646019,41974387709787247
2026-06-16 17:33:00,-38549153,38572099,4,4,4,4,38549153,38572099,41974387709787247
2026-06-16 17:35:00,-117127865,117197580,4,4,4,4,117127865,117197580,41974387709787247
2026-06-16 17:39:00,479810437,-480000000,4,4,4,4,479810437,480000000,41974387709787247
2026-06-16 17:41:00,-363693791,363910259,4,4,4,4,363693791,363910259,41974387709787247
2026-06-16 17:42:00,1514463,-1515060,4,4,4,4,1514463,1515060,41974387709787247
2026-06-16 17:43:00,617218176,-617462020,4,4,4,4,617218176,617462020,41974387709787247
2026-06-16 17:44:00,184055536,-182697932,4,4,4,4,14479386958,14486539900,41974387709787247
2026-06-16 17:46:00,-412805771,413058631,4,4,4,4,484447281,484728441,41974387709787247
2026-06-16 17:48:00,-1513981723,1514882869,4,4,4,4,1513981723,1514882869,41974387709787247
2026-06-16 17:50:00,-395999029,396234753,4,4,4,4,395999029,396234753,41974387709787247
2026-06-16 17:56:00,-653771109,654160290,4,4,4,4,653771109,654160290,41974387709787247
2026-06-16 17:58:00,-2313622572,2315000000,4,4,4,4,2313622572,2315000000,41974387709787247
2026-06-16 18:00:00,215388824,-215473966,4,4,4,4,215388824,215473966,41974387709787247
2026-06-16 18:01:00,-73304697284,73348471042,4,4,4,4,73304697284,73348471042,41974387709787247
2026-06-16 18:02:00,-113607907252,113676447739,5,5,5,5,113607907252,113676447739,20284976613966333
2026-06-16 18:03:00,-21910125046,21923486634,5,5,5,5,21910125046,21923486634,20284976613966333
2026-06-16 18:04:00,-3826996363,3829335065,5,5,5,5,3826996363,3829335065,20284976613966333
2026-06-16 18:05:00,-109677310481,109744949177,5,5,5,5,109677310481,109744949177,20284976613966333
2026-06-16 18:06:00,-31674362282,31694116973,5,5,5,5,31674362282,31694116973,20284976613966333
2026-06-16 18:07:00,-247198323,247360456,5,5,5,5,322839503,323033792,20284976613966333
2026-06-16 18:10:00,-4210881179,4213514984,5,5,5,5,4210881179,4213514984,20284976613966333
2026-06-16 18:11:00,10000000000,-10004250751,5,5,5,5,10000000000,10004250751,20284976613966333
2026-06-16 18:12:00,34458518586,-34472774716,5,5,5,5,37614322644,37630550442,20284976613966333
2026-06-16 18:13:00,-8105011783,8110050643,5,5,5,5,8105011783,8110050643,20284976613966333
2026-06-16 18:15:00,-1167776712,1168503250,5,5,5,5,1167776712,1168503250,20284976613966333
2026-06-16 18:16:00,27018555,-27029959,5,5,5,5,27018555,27029959,20284976613966333
2026-06-16 18:18:00,345100000,-345245659,5,5,5,5,345100000,345245659,20284976613966333
2026-06-16 18:19:00,-1206249429,1207000000,5,5,5,5,1206249429,1207000000,20284976613966333
2026-06-16 18:21:00,1274564460,-1275050157,5,5,5,5,1797435540,1798246545,20284976613966333
2026-06-16 18:24:00,-674557859098,675000000000,5,5,5,5,674557859098,675000000000,20284976613966333
2026-06-16 18:26:00,-3069702,3071818,5,5,5,5,3069702,3071818,20284976613966333
2026-06-16 18:28:00,-565578949,565968503,5,5,5,5,565578949,565968503,20284976613966333
2026-06-16 18:31:00,10000000,-10004886,5,5,5,5,10000000,10004886,20284976613966333
2026-06-16 18:32:00,386237967,-386418817,5,5,5,5,465007255,465242363,20284976613966333
2026-06-16 18:33:00,-79944937,80000000,5,5,5,5,79944937,80000000,20284976613966333
2026-06-16 18:34:00,-727773411,728275403,5,5,5,5,734769993,735275403,20284976613966333
2026-06-16 18:35:00,362080000,-362256944,5,5,5,5,362080000,362256944,20284976613966333
2026-06-16 18:38:00,1139892096,-1140441165,5,5,5,5,1218820218,1219423647,20284976613966333
2026-06-16 18:39:00,-499655,500000,5,5,5,5,499655,500000,20284976613966333
2026-06-16 18:40:00,14337096995,-14344091377,5,5,5,5,14337096995,14344091377,20284976613966333
2026-06-16 18:45:00,-39484798,39511936,5,5,5,5,39484798,39511936,20284976613966333
2026-06-16 18:46:00,-255453053,255664549,5,5,5,5,614459791,614846171,20284976613966333
2026-06-16 18:50:00,-9993131,10000000,5,5,5,5,9993131,10000000,20284976613966333
2026-06-16 18:51:00,4038398824,-4040365426,5,5,5,5,4038398824,4040365426,20284976613966333
2026-06-16 18:53:00,2203867197,-2204939747,5,5,5,5,2203867197,2204939747,20284976613966333
2026-06-16 18:54:00,101678199,-101727670,5,5,5,5,101678199,101727670,20284976613966333
2026-06-16 18:56:00,1061174607,-1061690863,5,5,5,5,1061174607,1061690863,20284976613966333
2026-06-16 18:57:00,464554753,-464780721,5,5,5,5,464554753,464780721,20284976613966333
2026-06-16 18:58:00,706425959,-706747102,5,5,5,5,930616323,931091376,20284976613966333
2026-06-16 18:59:00,-507081897,507430000,5,5,5,5,507081897,507430000,20284976613966333
2026-06-16 19:00:00,-15000000000,15010308695,5,5,5,5,15000000000,15010308695,20284976613966333
2026-06-16 19:01:00,-261237615,261417347,5,5,5,5,261237615,261417347,20284976613966333
2026-06-16 19:03:00,-25006261,25023467,5,5,5,5,25006261,25023467,20284976613966333
2026-06-16 19:04:00,5423000000,-5425644361,5,5,5,5,5423000000,5425644361,20284976613966333
2026-06-16 19:05:00,229744515,-229856478,5,5,5,5,229744515,229856478,20284976613966333
2026-06-16 19:06:00,24987823,-25000000,5,5,5,5,24987823,25000000,20284976613966333
2026-06-16 19:09:00,-350349997,350590854,5,5,5,5,350349997,350590854,20284976613966333
2026-06-16 19:10:00,1168711833,-1169255075,5,5,5,5,1431288167,1432011897,20284976613966333
2026-06-16 19:11:00,1000000000,-1000487196,5,5,5,5,1000000000,1000487196,20284976613966333
2026-06-16 19:12:00,-324308568,324531464,5,5,5,5,324308568,324531464,20284976613966333
2026-06-16 19:14:00,-109392744,109467932,5,5,5,5,109392744,109467932,20284976613966333
2026-06-16 19:17:00,2728670986,-2730000000,5,5,5,5,2728670986,2730000000,20284976613966333
2026-06-16 19:18:00,-149250726,149359280,5,5,5,5,209284184,209421966,20284976613966333
2026-06-16 19:21:00,250343834,-250465730,5,5,5,5,250343834,250465730,20284976613966333
2026-06-16 19:23:00,4961817,-4964232,5,5,5,5,4961817,4964232,20284976613966333
2026-06-16 19:25:00,-78263974,78317745,5,5,5,5,78263974,78317745,20284976613966333
2026-06-16 19:27:00,-81570364,81626408,5,5,5,5,81570364,81626408,20284976613966333
2026-06-16 19:29:00,-4641741,4644931,5,5,5,5,4641741,4644931,20284976613966333
2026-06-16 19:32:00,415508237,-415710550,5,5,5,5,415508237,415710550,20284976613966333
2026-06-16 19:33:00,-299052343,299257802,5,5,5,5,299052343,299257802,20284976613966333
2026-06-16 19:34:00,1962275663,-1963230934,5,5,5,5,1962275663,1963230934,20284976613966333
2026-06-16 19:37:00,-778113950,778648429,5,5,5,5,778113950,778648429,20284976613966333
2026-06-16 19:39:00,101000000,-101049166,5,5,5,5,101000000,101049166,20284976613966333
2026-06-16 19:40:00,3793639005,-3795484995,5,5,5,5,3793639005,3795484995,20284976613966333
2026-06-16 19:46:00,5313916707,-5316500078,5,5,5,5,5313916707,5316500078,20284976613966333
2026-06-16 19:48:00,3972289449,-3974210833,5,5,5,5,4051552637,4053528367,20284976613966333
2026-06-16 19:56:00,-29443740,29463929,5,5,5,5,29443740,29463929,20284976613966333
2026-06-16 19:59:00,-9142744,9149013,5,5,5,5,9142744,9149013,20284976613966333
2026-06-16 20:03:00,195438682,-195533565,5,5,5,5,195438682,195533565,20284976613966333
2026-06-16 20:06:00,645158732,-645471924,5,5,5,5,645158732,645471924,20284976613966333
2026-06-16 20:09:00,-974548754,975216900,5,5,5,5,974548754,975216900,20284976613966333
2026-06-16 20:11:00,2334778582,-2335911881,5,5,5,5,2334778582,2335911881,20284976613966333
2026-06-16 20:12:00,1315286770,-1315924973,5,5,5,5,1315286770,1315924973,20284976613966333
2026-06-16 20:19:00,254910670,-255034337,5,5,5,5,254910670,255034337,20284976613966333
2026-06-16 20:28:00,1788264344,-1789131726,5,5,5,5,1788264344,1789131726,20284976613966333
2026-06-16 20:29:00,596808002,-597097408,5,5,5,5,596808002,597097408,20284976613966333
2026-06-16 20:30:00,83676977,-83712591,5,5,5,5,133243023,133312591,20284976613966333
2026-06-16 20:31:00,7149954,-7148460,5,5,5,5,56716000,56748460,20284976613966333
2026-06-16 20:32:00,1770889828,-1771748352,5,5,5,5,1770889828,1771748352,20284976613966333
2026-06-16 20:34:00,-24654850,24671736,5,5,5,5,24654850,24671736,20284976613966333
2026-06-16 20:36:00,-963827455,964487569,5,5,5,5,963827455,964487569,20284976613966333
2026-06-16 20:37:00,76181914288,-76218202402,5,5,5,5,79771863964,79810584358,20284976613966333
2026-06-16 20:40:00,758029770,-758345721,5,5,5,5,1215942230,1216568343,20284976613966333
2026-06-16 20:42:00,2001689821,-2002644864,5,5,5,5,2001689821,2002644864,20284976613966333
2026-06-16 20:45:00,-7109339,7114154,5,5,5,5,7109339,7114154,20284976613966333
2026-06-16 20:48:00,-400045102,400316000,5,5,5,5,400045102,400316000,20284976613966333
2026-06-16 20:49:00,-228956261,229111311,5,5,5,5,228956261,229111311,20284976613966333
2026-06-16 20:51:00,15281456,-15288745,5,5,5,5,15281456,15288745,20284976613966333
2026-06-16 20:52:00,-820919360,821475326,5,5,5,5,820919360,821475326,20284976613966333
2026-06-16 20:53:00,-472811858,473132100,5,5,5,5,472811858,473132100,20284976613966333
2026-06-16 20:57:00,9152937418,-9157301148,5,5,5,5,9152937418,9157301148,20284976613966333
2026-06-16 20:58:00,9796957847,-9801619460,5,5,5,5,9796957847,9801619460,20284976613966333
2026-06-16 20:59:00,10437350756,-10442304586,5,5,5,5,10458110410,10463078258,20284976613966333
2026-06-16 21:01:00,1258502,-1259098,5,5,5,5,1258502,1259098,20284976613966333
2026-06-16 21:03:00,11567267707,-11572747570,5,5,5,5,11567267707,11572747570,20284976613966333
2026-06-16 21:04:00,10398883706,-10403798792,5,5,5,5,10398883706,10403798792,20284976613966333
2026-06-16 21:06:00,-353643077,353880827,5,5,5,5,353643077,353880827,20284976613966333
2026-06-16 21:09:00,-102351880,102420694,5,5,5,5,102351880,102420694,20284976613966333
2026-06-16 21:10:00,-1854815453,1856062638,5,5,5,5,1854815453,1856062638,20284976613966333
2026-06-16 21:11:00,-3847505,3850094,5,5,5,5,3847505,3850094,20284976613966333
2026-06-16 21:12:00,84000000000,-84039331061,5,5,5,5,84000000000,84039331061,20284976613966333
2026-06-16 21:13:00,-40697634245,40724747590,5,5,5,5,40697634245,40724747590,20284976613966333
2026-06-16 21:14:00,-3653181815,3655623613,5,5,5,5,3653181815,3655623613,20284976613966333
2026-06-16 21:15:00,-288879698,289073201,5,5,5,5,292441780,292636949,20284976613966333
2026-06-16 21:16:00,167864583377,-167941466298,5,5,5,5,171557904261,171637256900,20284976613966333
2026-06-16 21:17:00,-95992651602,96055698116,5,5,5,5,95993754198,96056801218,20284976613966333
2026-06-16 21:18:00,-96240063890,96304185678,5,5,5,5,96240063890,96304185678,20284976613966333
2026-06-16 21:19:00,30000000000,-30014082418,5,5,5,5,30000000000,30014082418,20284976613966333
2026-06-16 21:21:00,-6999835094,7004513807,5,5,5,5,6999835094,7004513807,20284976613966333
2026-06-16 21:22:00,-4021228038,4023918027,5,5,5,5,4021228038,4023918027,20284976613966333
2026-06-16 21:23:00,-11472767901,11480451346,5,5,5,5,11472767901,11480451346,20284976613966333
2026-06-16 21:24:00,-25774009353,25791317874,5,5,5,5,25774009353,25791317874,20284976613966333
2026-06-16 21:25:00,-14270388531,14280000000,5,5,5,5,14270388531,14280000000,20284976613966333
2026-06-16 21:26:00,-7986837170,7992225280,5,5,5,5,7986837170,7992225280,20284976613966333
2026-06-16 21:27:00,185973760,-186062075,5,5,5,5,185973760,186062075,20284976613966333
2026-06-16 21:28:00,-11879918244,11887947858,5,5,5,5,11916984642,11925031858,20284976613966333
2026-06-16 21:30:00,-1048860326387,1049634336481,6,6,6,6,1149532946019,1150365663519,20011109280653282
2026-06-16 21:32:00,596574425,-596920798,6,6,6,6,596574425,596920798,20011109280653282
2026-06-16 21:33:00,-596489156,596954866,6,6,6,6,596489156,596954866,20011109280653282
2026-06-16 21:34:00,2555302,-2556785,6,6,6,6,2555302,2556785,20011109280653282
2026-06-16 21:35:00,-6131195,6135983,6,6,6,6,6131195,6135983,20011109280653282
2026-06-16 21:37:00,-287862355,288087117,6,6,6,6,287862355,288087117,20011109280653282
2026-06-16 21:39:00,-1719307198,1720849946,6,6,6,6,3719307198,3722011716,20011109280653282
2026-06-16 21:41:00,11887994,-11894898,6,6,6,6,11887994,11894898,20011109280653282
2026-06-16 21:42:00,5319638,-5322727,6,6,6,6,5319638,5322727,20011109280653282
2026-06-16 21:43:00,20935957,-20948116,6,6,6,6,20935957,20948116,20011109280653282
2026-06-16 21:47:00,3126499004,-3128314759,6,6,6,6,3126499004,3128314759,45834521882140642
2026-06-16 21:49:00,245131199,-245273541,6,6,6,6,245131199,245273541,20011109280653282
2026-06-16 21:50:00,2124611798,-2125845270,6,6,6,6,2124611798,2125845270,20011109280653282
2026-06-16 21:52:00,-2377371243,2379227313,6,6,6,6,2377371243,2379227313,20011109280653282
2026-06-16 21:53:00,3667600000,-3669729087,6,6,6,6,3667600000,3669729087,20011109280653282
2026-06-16 22:00:00,217000000000,-217123576326,6,6,6,6,217000000000,217123576326,20011109280653282
2026-06-16 22:02:00,4061603487,-4063871957,6,6,6,6,4061603487,4063871957,37821505701945314
2026-06-16 22:07:00,1076171751,-1076772635,6,6,6,6,1076171751,1076772635,20011109280653282
2026-06-16 22:09:00,-50622040,50660435,6,6,6,6,50622040,50660435,20011109280653282
2026-06-16 22:14:00,266278030,-266426690,6,6,6,6,266278030,266426690,20011109280653282
2026-06-16 22:15:00,97811200,-97865804,6,6,6,6,97811200,97865804,20011109280653282
2026-06-16 22:18:00,1904791005,-1905854209,6,6,6,6,1904791005,1905854209,20011109280653282
2026-06-16 22:20:00,-2082651,2084231,6,6,6,6,2082651,2084231,20011109280653282
2026-06-16 22:21:00,-918119578,918815759,6,6,6,6,918119578,918815759,20011109280653282
2026-06-16 22:25:00,323339718,-323520191,6,6,6,6,323339718,323520191,20011109280653282
2026-06-16 22:29:00,-7173706,7179146,6,6,6,6,7173706,7179146,20011109280653282
2026-06-16 22:30:00,7181138121,-7185143618,6,6,6,6,7181138121,7185143618,20011109280653282
2026-06-16 22:33:00,3029357784,-3031045951,6,6,6,6,3029357784,3031045951,20011109280653282
2026-06-16 22:35:00,-49962165,50000000,6,6,6,6,49962165,50000000,20011109280653282
2026-06-16 22:38:00,-338484330,338741660,6,6,6,6,348484330,348747230,20011109280653282
2026-06-16 22:39:00,-37067125,37095197,6,6,6,6,37067125,37095197,20011109280653282
2026-06-16 22:40:00,1688591420,-1689532092,6,6,6,6,1688591420,1689532092,20011109280653282
2026-06-16 22:42:00,29580000,-29596475,6,6,6,6,29580000,29596475,20011109280653282
2026-06-16 22:52:00,604144,-604479,6,6,6,6,604144,604479,20011109280653282
2026-06-16 22:53:00,29000000,-29016152,6,6,6,6,29000000,29016152,20011109280653282
2026-06-16 22:54:00,560339748,-560651833,6,6,6,6,560339748,560651833,20011109280653282
2026-06-16 23:00:00,5000000,-5002784,6,6,6,6,5000000,5002784,20011109280653282
2026-06-16 23:03:00,523054260,-523345550,6,6,6,6,523054260,523345550,20011109280653282
2026-06-16 23:06:00,16708371,-16717675,6,6,6,6,16708371,16717675,20011109280653282
2026-06-16 23:15:00,93436500,-93488531,6,6,6,6,93436500,93488531,20011109280653282
2026-06-16 23:16:00,-17944591,17958176,6,6,6,6,17944591,17958176,20011109280653282
2026-06-16 23:17:00,-52004931,52044300,6,6,6,6,52004931,52044300,20011109280653282
2026-06-16 23:18:00,-6994704,7000000,6,6,6,6,6994704,7000000,20011109280653282
2026-06-16 23:24:00,30300000000,-30316827359,6,6,6,6,30300000000,30316827359,20011109280653282
2026-06-16 23:27:00,4699898099,-4702500000,6,6,6,6,4699898099,4702500000,20011109280653282
2026-06-16 23:29:00,-116537569,116625384,6,6,6,6,116537569,116625384,20011109280653282
2026-06-16 23:32:00,-174762879,174894570,6,6,6,6,174762879,174894570,20011109280653282
2026-06-16 23:34:00,-42692352,42724524,6,6,6,6,42692352,42724524,20011109280653282
2026-06-16 23:35:00,-134297902,134399104,6,6,6,6,134297902,134399104,20011109280653282
2026-06-16 23:36:00,-40007651,40037800,6,6,6,6,40007651,40037800,20011109280653282
2026-06-16 23:37:00,-4091587769,4094671883,6,6,6,6,4091587769,4094671883,20011109280653282
2026-06-16 23:39:00,-59914344,59959519,6,6,6,6,59914344,59959519,20011109280653282
2026-06-16 23:43:00,-1990159172,1991659911,6,6,6,6,1990159172,1991659911,20011109280653282
2026-06-16 23:46:00,-4224065112,4227251707,6,6,6,6,4224065112,4227251707,20011109280653282
2026-06-16 23:47:00,-45583844,45618242,6,6,6,6,45583844,45618242,20011109280653282
2026-06-16 23:49:00,-4108365040,4111539103,6,6,6,6,4838024038,4841602655,20011109280653282
2026-06-16 23:50:00,1556827368,-1557675733,6,6,6,6,1710305854,1711270075,20011109280653282
2026-06-16 23:51:00,123276627,-123345009,6,6,6,6,123276627,123345009,20011109280653282
2026-06-16 23:52:00,-17986422,18000000,6,6,6,6,17986422,18000000,20011109280653282
2026-06-16 23:53:00,670769762,-671141822,6,6,6,6,670769762,671141822,20011109280653282
2026-06-16 23:55:00,-39491062,39520871,6,6,6,6,39491062,39520871,20011109280653282
2026-06-16 23:56:00,124975341,-125031842,6,6,6,6,253024659,253177812,20011109280653282
2026-06-16 23:57:00,-2816041929,2818167805,6,6,6,6,2816041929,2818167805,20011109280653282
2026-06-16 23:58:00,-199797180,199948041,6,6,6,6,199797180,199948041,20011109280653282
2026-06-16 23:59:00,-344325588,344585587,6,6,6,6,344325588,344585587,20011109280653282
